Coach,Team,Season_ID,Coach_ID
Kliff Kingsbury,ARI,2021,ARI_2021
Arthur Smith,ATL,2021,ATL_2021
John Harbaugh,BAL,2021,BAL_2021
Sean McDermott,BUF,2021,BUF_2021
Matt Rhule,CAR,2021,CAR_2021
Matt Nagy,CHI,2021,CHI_2021
Zac Taylor,CIN,2021,CIN_2021
Kevin Stefanski,CLE,2021,CLE_2021
Mike McCarthy,DAL,2021,DAL_2021
Vic Fangio,DEN,2021,DEN_2021
Dan Campbell,DET,2021,DET_2021
Matt LaFleur,GNB,2021,GNB_2021
David Culley,HOU,2021,HOU_2021
Frank Reich,IND,2021,IND_2021
Darrell Bevell,JAX,2021,JAX_2021
Urban Meyer,JAX,2021,JAX_2021
Andy Reid,KAN,2021,KAN_2021
Brandon Staley,LAC,2021,LAC_2021
Sean McVay,LAR,2021,LAR_2021
Jon Gruden,LVR,2021,LVR_2021
Rich Bisaccia,LVR,2021,LVR_2021
Brian Flores,MIA,2021,MIA_2021
Mike Zimmer,MIN,2021,MIN_2021
Sean Payton,NOR,2021,NOR_2021
Bill Belichick,NWE,2021,NWE_2021
Joe Judge,NYG,2021,NYG_2021
Robert Saleh,NYJ,2021,NYJ_2021
Nick Sirianni,PHI,2021,PHI_2021
Mike Tomlin,PIT,2021,PIT_2021
Pete Carroll,SEA,2021,SEA_2021
Kyle Shanahan,SFO,2021,SFO_2021
Bruce Arians,TAM,2021,TAM_2021
Mike Vrabel,TEN,2021,TEN_2021
Ron Rivera,WAS,2021,WAS_2021
Kliff Kingsbury,ARI,2022,ARI_2022
Arthur Smith,ATL,2022,ATL_2022
John Harbaugh,BAL,2022,BAL_2022
Sean McDermott,BUF,2022,BUF_2022
Steve Wilks,CAR,2022,CAR_2022
Matt Rhule,CAR,2022,CAR_2022
Matt Eberflus,CHI,2022,CHI_2022
Zac Taylor,CIN,2022,CIN_2022
Kevin Stefanski,CLE,2022,CLE_2022
Mike McCarthy,DAL,2022,DAL_2022
Nathaniel Hackett,DEN,2022,DEN_2022
Jerry Rosburg,DEN,2022,DEN_2022
Dan Campbell,DET,2022,DET_2022
Matt LaFleur,GNB,2022,GNB_2022
Lovie Smith,HOU,2022,HOU_2022
Frank Reich,IND,2022,IND_2022
Jeff Saturday,IND,2022,IND_2022
Doug Pederson,JAX,2022,JAX_2022
Andy Reid,KAN,2022,KAN_2022
Brandon Staley,LAC,2022,LAC_2022
Sean McVay,LAR,2022,LAR_2022
Josh McDaniels,LVR,2022,LVR_2022
Mike McDaniel,MIA,2022,MIA_2022
Kevin O'Connell,MIN,2022,MIN_2022
Dennis Allen,NOR,2022,NOR_2022
Bill Belichick,NWE,2022,NWE_2022
Brian Daboll,NYG,2022,NYG_2022
Robert Saleh,NYJ,2022,NYJ_2022
Nick Sirianni,PHI,2022,PHI_2022
Mike Tomlin,PIT,2022,PIT_2022
Pete Carroll,SEA,2022,SEA_2022
Kyle Shanahan,SFO,2022,SFO_2022
Todd Bowles,TAM,2022,TAM_2022
Mike Vrabel,TEN,2022,TEN_2022
Ron Rivera,WAS,2022,WAS_2022
Jonathan Gannon,ARI,2023,ARI_2023
Arthur Smith,ATL,2023,ATL_2023
John Harbaugh,BAL,2023,BAL_2023
Sean McDermott,BUF,2023,BUF_2023
Frank Reich,CAR,2023,CAR_2023
Chris Tabor,CAR,2023,CAR_2023
Matt Eberflus,CHI,2023,CHI_2023
Zac Taylor,CIN,2023,CIN_2023
Kevin Stefanski,CLE,2023,CLE_2023
Mike McCarthy,DAL,2023,DAL_2023
Sean Payton,DEN,2023,DEN_2023
Dan Campbell,DET,2023,DET_2023
Matt LaFleur,GNB,2023,GNB_2023
DeMeco Ryans,HOU,2023,HOU_2023
Shane Steichen,IND,2023,IND_2023
Doug Pederson,JAX,2023,JAX_2023
Andy Reid,KAN,2023,KAN_2023
Brandon Staley,LAC,2023,LAC_2023
Giff Smith,LAC,2023,LAC_2023
Sean McVay,LAR,2023,LAR_2023
Antonio Pierce,LVR,2023,LVR_2023
Josh McDaniels,LVR,2023,LVR_2023
Mike McDaniel,MIA,2023,MIA_2023
Kevin O'Connell,MIN,2023,MIN_2023
Dennis Allen,NOR,2023,NOR_2023
Bill Belichick,NWE,2023,NWE_2023
Brian Daboll,NYG,2023,NYG_2023
Robert Saleh,NYJ,2023,NYJ_2023
Nick Sirianni,PHI,2023,PHI_2023
Mike Tomlin,PIT,2023,PIT_2023
Pete Carroll,SEA,2023,SEA_2023
Kyle Shanahan,SFO,2023,SFO_2023
Todd Bowles,TAM,2023,TAM_2023
Mike Vrabel,TEN,2023,TEN_2023
Ron Rivera,WAS,2023,WAS_2023
