Winner Team,Loser Team,Pts_W,Pts_L,match_date
Tampa Bay Buccaneers,Dallas Cowboys,31,29,09-09-2021
Philadelphia Eagles,Atlanta Falcons,32,6,12-09-2021
Pittsburgh Steelers,Buffalo Bills,23,16,12-09-2021
Carolina Panthers,New York Jets,19,14,12-09-2021
Cincinnati Bengals,Minnesota Vikings,27,24,12-09-2021
Seattle Seahawks,Indianapolis Colts,28,16,12-09-2021
Arizona Cardinals,Tennessee Titans,38,13,12-09-2021
San Francisco 49ers,Detroit Lions,41,33,12-09-2021
Houston Texans,Jacksonville Jaguars,37,21,12-09-2021
Los Angeles Chargers,Washington Football Team,20,16,12-09-2021
Kansas City Chiefs,Cleveland Browns,33,29,12-09-2021
Denver Broncos,New York Giants,27,13,12-09-2021
New Orleans Saints,Green Bay Packers,38,3,12-09-2021
Miami Dolphins,New England Patriots,17,16,12-09-2021
Los Angeles Rams,Chicago Bears,34,14,12-09-2021
Las Vegas Raiders,Baltimore Ravens,33,27,13-09-2021
Washington Football Team,New York Giants,30,29,16-09-2021
Buffalo Bills,Miami Dolphins,35,0,19-09-2021
Carolina Panthers,New Orleans Saints,26,7,19-09-2021
Chicago Bears,Cincinnati Bengals,20,17,19-09-2021
Cleveland Browns,Houston Texans,31,21,19-09-2021
Los Angeles Rams,Indianapolis Colts,27,24,19-09-2021
Denver Broncos,Jacksonville Jaguars,23,13,19-09-2021
New England Patriots,New York Jets,25,6,19-09-2021
San Francisco 49ers,Philadelphia Eagles,17,11,19-09-2021
Las Vegas Raiders,Pittsburgh Steelers,26,17,19-09-2021
Tampa Bay Buccaneers,Atlanta Falcons,48,25,19-09-2021
Arizona Cardinals,Minnesota Vikings,34,33,19-09-2021
Dallas Cowboys,Los Angeles Chargers,20,17,19-09-2021
Tennessee Titans,Seattle Seahawks,33,30,19-09-2021
Baltimore Ravens,Kansas City Chiefs,36,35,19-09-2021
Green Bay Packers,Detroit Lions,35,17,20-09-2021
Carolina Panthers,Houston Texans,24,9,23-09-2021
Atlanta Falcons,New York Giants,17,14,26-09-2021
Buffalo Bills,Washington Football Team,43,21,26-09-2021
Cleveland Browns,Chicago Bears,26,6,26-09-2021
Cincinnati Bengals,Pittsburgh Steelers,24,10,26-09-2021
Tennessee Titans,Indianapolis Colts,25,16,26-09-2021
Arizona Cardinals,Jacksonville Jaguars,31,19,26-09-2021
Baltimore Ravens,Detroit Lions,19,17,26-09-2021
Los Angeles Chargers,Kansas City Chiefs,30,24,26-09-2021
New Orleans Saints,New England Patriots,28,13,26-09-2021
Denver Broncos,New York Jets,26,0,26-09-2021
Las Vegas Raiders,Miami Dolphins,31,28,26-09-2021
Minnesota Vikings,Seattle Seahawks,30,17,26-09-2021
Los Angeles Rams,Tampa Bay Buccaneers,34,24,26-09-2021
Green Bay Packers,San Francisco 49ers,30,28,26-09-2021
Dallas Cowboys,Philadelphia Eagles,41,21,27-09-2021
Cincinnati Bengals,Jacksonville Jaguars,24,21,30-09-2021
Washington Football Team,Atlanta Falcons,34,30,03-10-2021
Buffalo Bills,Houston Texans,40,0,03-10-2021
Dallas Cowboys,Carolina Panthers,36,28,03-10-2021
Chicago Bears,Detroit Lions,24,14,03-10-2021
Cleveland Browns,Minnesota Vikings,14,7,03-10-2021
Indianapolis Colts,Miami Dolphins,27,17,03-10-2021
Kansas City Chiefs,Philadelphia Eagles,42,30,03-10-2021
New York Giants,New Orleans Saints,27,21,03-10-2021
New York Jets,Tennessee Titans,27,24,03-10-2021
Arizona Cardinals,Los Angeles Rams,37,20,03-10-2021
Seattle Seahawks,San Francisco 49ers,28,21,03-10-2021
Baltimore Ravens,Denver Broncos,23,7,03-10-2021
Green Bay Packers,Pittsburgh Steelers,27,17,03-10-2021
Tampa Bay Buccaneers,New England Patriots,19,17,03-10-2021
Los Angeles Chargers,Las Vegas Raiders,28,14,04-10-2021
Los Angeles Rams,Seattle Seahawks,26,17,07-10-2021
Atlanta Falcons,New York Jets,27,20,10-10-2021
Philadelphia Eagles,Carolina Panthers,21,18,10-10-2021
Green Bay Packers,Cincinnati Bengals,25,22,10-10-2021
Pittsburgh Steelers,Denver Broncos,27,19,10-10-2021
Minnesota Vikings,Detroit Lions,19,17,10-10-2021
New England Patriots,Houston Texans,25,22,10-10-2021
Tennessee Titans,Jacksonville Jaguars,37,19,10-10-2021
Tampa Bay Buccaneers,Miami Dolphins,45,17,10-10-2021
New Orleans Saints,Washington Football Team,33,22,10-10-2021
Chicago Bears,Las Vegas Raiders,20,9,10-10-2021
Los Angeles Chargers,Cleveland Browns,47,42,10-10-2021
Arizona Cardinals,San Francisco 49ers,17,10,10-10-2021
Dallas Cowboys,New York Giants,44,20,10-10-2021
Buffalo Bills,Kansas City Chiefs,38,20,10-10-2021
Baltimore Ravens,Indianapolis Colts,31,25,11-10-2021
Tampa Bay Buccaneers,Philadelphia Eagles,28,22,14-10-2021
Jacksonville Jaguars,Miami Dolphins,23,20,17-10-2021
Minnesota Vikings,Carolina Panthers,34,28,17-10-2021
Green Bay Packers,Chicago Bears,24,14,17-10-2021
Cincinnati Bengals,Detroit Lions,34,11,17-10-2021
Indianapolis Colts,Houston Texans,31,3,17-10-2021
Kansas City Chiefs,Washington Football Team,31,13,17-10-2021
Los Angeles Rams,New York Giants,38,11,17-10-2021
Baltimore Ravens,Los Angeles Chargers,34,6,17-10-2021
Arizona Cardinals,Cleveland Browns,37,14,17-10-2021
Dallas Cowboys,New England Patriots,35,29,17-10-2021
Las Vegas Raiders,Denver Broncos,34,24,17-10-2021
Pittsburgh Steelers,Seattle Seahawks,23,20,17-10-2021
Tennessee Titans,Buffalo Bills,34,31,18-10-2021
Cleveland Browns,Denver Broncos,17,14,21-10-2021
Atlanta Falcons,Miami Dolphins,30,28,24-10-2021
New York Giants,Carolina Panthers,25,3,24-10-2021
Cincinnati Bengals,Baltimore Ravens,41,17,24-10-2021
Green Bay Packers,Washington Football Team,24,10,24-10-2021
Tennessee Titans,Kansas City Chiefs,27,3,24-10-2021
New England Patriots,New York Jets,54,13,24-10-2021
Los Angeles Rams,Detroit Lions,28,19,24-10-2021
Las Vegas Raiders,Philadelphia Eagles,33,22,24-10-2021
Tampa Bay Buccaneers,Chicago Bears,38,3,24-10-2021
Arizona Cardinals,Houston Texans,31,5,24-10-2021
Indianapolis Colts,San Francisco 49ers,30,18,24-10-2021
New Orleans Saints,Seattle Seahawks,13,10,25-10-2021
Green Bay Packers,Arizona Cardinals,24,21,28-10-2021
Carolina Panthers,Atlanta Falcons,19,13,31-10-2021
Buffalo Bills,Miami Dolphins,26,11,31-10-2021
San Francisco 49ers,Chicago Bears,33,22,31-10-2021
New York Jets,Cincinnati Bengals,34,31,31-10-2021
Pittsburgh Steelers,Cleveland Browns,15,10,31-10-2021
Tennessee Titans,Indianapolis Colts,34,31,31-10-2021
Philadelphia Eagles,Detroit Lions,44,6,31-10-2021
Los Angeles Rams,Houston Texans,38,22,31-10-2021
Seattle Seahawks,Jacksonville Jaguars,31,7,31-10-2021
New England Patriots,Los Angeles Chargers,27,24,31-10-2021
New Orleans Saints,Tampa Bay Buccaneers,36,27,31-10-2021
Denver Broncos,Washington Football Team,17,10,31-10-2021
Dallas Cowboys,Minnesota Vikings,20,16,31-10-2021
Kansas City Chiefs,New York Giants,20,17,01-11-2021
Indianapolis Colts,New York Jets,45,30,04-11-2021
Atlanta Falcons,New Orleans Saints,27,25,07-11-2021
Jacksonville Jaguars,Buffalo Bills,9,6,07-11-2021
Denver Broncos,Dallas Cowboys,30,16,07-11-2021
Baltimore Ravens,Minnesota Vikings,34,31,07-11-2021
New England Patriots,Carolina Panthers,24,6,07-11-2021
Cleveland Browns,Cincinnati Bengals,41,16,07-11-2021
Miami Dolphins,Houston Texans,17,9,07-11-2021
New York Giants,Las Vegas Raiders,23,16,07-11-2021
Los Angeles Chargers,Philadelphia Eagles,27,24,07-11-2021
Arizona Cardinals,San Francisco 49ers,31,17,07-11-2021
Kansas City Chiefs,Green Bay Packers,13,7,07-11-2021
Tennessee Titans,Los Angeles Rams,28,16,07-11-2021
Pittsburgh Steelers,Chicago Bears,29,27,08-11-2021
Miami Dolphins,Baltimore Ravens,22,10,11-11-2021
Dallas Cowboys,Atlanta Falcons,43,3,14-11-2021
Buffalo Bills,New York Jets,45,17,14-11-2021
Pittsburgh Steelers,Detroit Lions,16,16,14-11-2021
Tennessee Titans,New Orleans Saints,23,21,14-11-2021
Washington Football Team,Tampa Bay Buccaneers,29,19,14-11-2021
New England Patriots,Cleveland Browns,45,7,14-11-2021
Indianapolis Colts,Jacksonville Jaguars,23,17,14-11-2021
Minnesota Vikings,Los Angeles Chargers,27,20,14-11-2021
Carolina Panthers,Arizona Cardinals,34,10,14-11-2021
Philadelphia Eagles,Denver Broncos,30,13,14-11-2021
Green Bay Packers,Seattle Seahawks,17,0,14-11-2021
Kansas City Chiefs,Las Vegas Raiders,41,14,14-11-2021
San Francisco 49ers,Los Angeles Rams,31,10,15-11-2021
New England Patriots,Atlanta Falcons,25,0,18-11-2021
Indianapolis Colts,Buffalo Bills,41,15,21-11-2021
Baltimore Ravens,Chicago Bears,16,13,21-11-2021
Houston Texans,Tennessee Titans,22,13,21-11-2021
San Francisco 49ers,Jacksonville Jaguars,30,10,21-11-2021
Philadelphia Eagles,New Orleans Saints,40,29,21-11-2021
Washington Football Team,Carolina Panthers,27,21,21-11-2021
Cleveland Browns,Detroit Lions,13,10,21-11-2021
Minnesota Vikings,Green Bay Packers,34,31,21-11-2021
Miami Dolphins,New York Jets,24,17,21-11-2021
Cincinnati Bengals,Las Vegas Raiders,32,13,21-11-2021
Kansas City Chiefs,Dallas Cowboys,19,9,21-11-2021
Arizona Cardinals,Seattle Seahawks,23,13,21-11-2021
Los Angeles Chargers,Pittsburgh Steelers,41,37,21-11-2021
Tampa Bay Buccaneers,New York Giants,30,10,22-11-2021
Chicago Bears,Detroit Lions,16,14,25-11-2021
Las Vegas Raiders,Dallas Cowboys,36,33,25-11-2021
Buffalo Bills,New Orleans Saints,31,6,25-11-2021
Atlanta Falcons,Jacksonville Jaguars,21,14,28-11-2021
Cincinnati Bengals,Pittsburgh Steelers,41,10,28-11-2021
New York Jets,Houston Texans,21,14,28-11-2021
New York Giants,Philadelphia Eagles,13,7,28-11-2021
Miami Dolphins,Carolina Panthers,33,10,28-11-2021
Tampa Bay Buccaneers,Indianapolis Colts,38,31,28-11-2021
New England Patriots,Tennessee Titans,36,13,28-11-2021
Denver Broncos,Los Angeles Chargers,28,13,28-11-2021
San Francisco 49ers,Minnesota Vikings,34,26,28-11-2021
Green Bay Packers,Los Angeles Rams,36,28,28-11-2021
Baltimore Ravens,Cleveland Browns,16,10,28-11-2021
Washington Football Team,Seattle Seahawks,17,15,29-11-2021
Dallas Cowboys,New Orleans Saints,27,17,02-12-2021
Tampa Bay Buccaneers,Atlanta Falcons,30,17,05-12-2021
Arizona Cardinals,Chicago Bears,33,22,05-12-2021
Los Angeles Chargers,Cincinnati Bengals,41,22,05-12-2021
Detroit Lions,Minnesota Vikings,29,27,05-12-2021
Philadelphia Eagles,New York Jets,33,18,05-12-2021
Indianapolis Colts,Houston Texans,31,0,05-12-2021
Miami Dolphins,New York Giants,20,9,05-12-2021
Seattle Seahawks,San Francisco 49ers,30,23,05-12-2021
Washington Football Team,Las Vegas Raiders,17,15,05-12-2021
Los Angeles Rams,Jacksonville Jaguars,37,7,05-12-2021
Pittsburgh Steelers,Baltimore Ravens,20,19,05-12-2021
Kansas City Chiefs,Denver Broncos,22,9,05-12-2021
New England Patriots,Buffalo Bills,14,10,06-12-2021
Minnesota Vikings,Pittsburgh Steelers,36,28,09-12-2021
Atlanta Falcons,Carolina Panthers,29,21,12-12-2021
San Francisco 49ers,Cincinnati Bengals,26,23,12-12-2021
Cleveland Browns,Baltimore Ravens,24,22,12-12-2021
Dallas Cowboys,Washington Football Team,27,20,12-12-2021
Seattle Seahawks,Houston Texans,33,13,12-12-2021
Tennessee Titans,Jacksonville Jaguars,20,0,12-12-2021
Kansas City Chiefs,Las Vegas Raiders,48,9,12-12-2021
New Orleans Saints,New York Jets,30,9,12-12-2021
Denver Broncos,Detroit Lions,38,10,12-12-2021
Los Angeles Chargers,New York Giants,37,21,12-12-2021
Tampa Bay Buccaneers,Buffalo Bills,33,27,12-12-2021
Green Bay Packers,Chicago Bears,45,30,12-12-2021
Los Angeles Rams,Arizona Cardinals,30,23,13-12-2021
Kansas City Chiefs,Los Angeles Chargers,34,28,16-12-2021
Indianapolis Colts,New England Patriots,27,17,18-12-2021
Buffalo Bills,Carolina Panthers,31,14,19-12-2021
Detroit Lions,Arizona Cardinals,30,12,19-12-2021
Dallas Cowboys,New York Giants,21,6,19-12-2021
Green Bay Packers,Baltimore Ravens,31,30,19-12-2021
Houston Texans,Jacksonville Jaguars,30,16,19-12-2021
Miami Dolphins,New York Jets,31,24,19-12-2021
Pittsburgh Steelers,Tennessee Titans,19,13,19-12-2021
San Francisco 49ers,Atlanta Falcons,31,13,19-12-2021
Cincinnati Bengals,Denver Broncos,15,10,19-12-2021
New Orleans Saints,Tampa Bay Buccaneers,9,0,19-12-2021
Las Vegas Raiders,Cleveland Browns,16,14,20-12-2021
Minnesota Vikings,Chicago Bears,17,9,20-12-2021
Philadelphia Eagles,Washington Football Team,27,17,21-12-2021
Los Angeles Rams,Seattle Seahawks,20,10,21-12-2021
Tennessee Titans,San Francisco 49ers,20,17,23-12-2021
Green Bay Packers,Cleveland Browns,24,22,25-12-2021
Indianapolis Colts,Arizona Cardinals,22,16,25-12-2021
Atlanta Falcons,Detroit Lions,20,16,26-12-2021
Buffalo Bills,New England Patriots,33,21,26-12-2021
Tampa Bay Buccaneers,Carolina Panthers,32,6,26-12-2021
Cincinnati Bengals,Baltimore Ravens,41,21,26-12-2021
Houston Texans,Los Angeles Chargers,41,29,26-12-2021
New York Jets,Jacksonville Jaguars,26,21,26-12-2021
Los Angeles Rams,Minnesota Vikings,30,23,26-12-2021
Philadelphia Eagles,New York Giants,34,10,26-12-2021
Chicago Bears,Seattle Seahawks,25,24,26-12-2021
Las Vegas Raiders,Denver Broncos,17,13,26-12-2021
Kansas City Chiefs,Pittsburgh Steelers,36,10,26-12-2021
Dallas Cowboys,Washington Football Team,56,14,26-12-2021
Miami Dolphins,New Orleans Saints,20,3,27-12-2021
Buffalo Bills,Atlanta Falcons,29,15,02-01-2022
New Orleans Saints,Carolina Panthers,18,10,02-01-2022
Chicago Bears,New York Giants,29,3,02-01-2022
Cincinnati Bengals,Kansas City Chiefs,34,31,02-01-2022
Las Vegas Raiders,Indianapolis Colts,23,20,02-01-2022
Arizona Cardinals,Dallas Cowboys,25,22,02-01-2022
New England Patriots,Jacksonville Jaguars,50,10,02-01-2022
Tennessee Titans,Miami Dolphins,34,3,02-01-2022
Tampa Bay Buccaneers,New York Jets,28,24,02-01-2022
Philadelphia Eagles,Washington Football Team,20,16,02-01-2022
Los Angeles Chargers,Denver Broncos,34,13,02-01-2022
San Francisco 49ers,Houston Texans,23,7,02-01-2022
Seattle Seahawks,Detroit Lions,51,29,02-01-2022
Los Angeles Rams,Baltimore Ravens,20,19,02-01-2022
Green Bay Packers,Minnesota Vikings,37,10,02-01-2022
Pittsburgh Steelers,Cleveland Browns,26,14,03-01-2022
Kansas City Chiefs,Denver Broncos,28,24,08-01-2022
Dallas Cowboys,Philadelphia Eagles,51,26,08-01-2022
New Orleans Saints,Atlanta Falcons,30,20,09-01-2022
Tampa Bay Buccaneers,Carolina Panthers,41,17,09-01-2022
Minnesota Vikings,Chicago Bears,31,17,09-01-2022
Cleveland Browns,Cincinnati Bengals,21,16,09-01-2022
Jacksonville Jaguars,Indianapolis Colts,26,11,09-01-2022
Detroit Lions,Green Bay Packers,37,30,09-01-2022
Tennessee Titans,Houston Texans,28,25,09-01-2022
Miami Dolphins,New England Patriots,33,24,09-01-2022
Washington Football Team,New York Giants,22,7,09-01-2022
Pittsburgh Steelers,Baltimore Ravens,16,13,09-01-2022
Buffalo Bills,New York Jets,27,10,09-01-2022
Seattle Seahawks,Arizona Cardinals,38,30,09-01-2022
San Francisco 49ers,Los Angeles Rams,27,24,09-01-2022
Las Vegas Raiders,Los Angeles Chargers,35,32,09-01-2022
Cincinnati Bengals,Las Vegas Raiders,26,19,15-01-2022
Buffalo Bills,New England Patriots,47,17,15-01-2022
Tampa Bay Buccaneers,Philadelphia Eagles,31,15,16-01-2022
San Francisco 49ers,Dallas Cowboys,23,17,16-01-2022
Kansas City Chiefs,Pittsburgh Steelers,42,21,16-01-2022
Los Angeles Rams,Arizona Cardinals,34,11,17-01-2022
Cincinnati Bengals,Tennessee Titans,19,16,22-01-2022
San Francisco 49ers,Green Bay Packers,13,10,22-01-2022
Los Angeles Rams,Tampa Bay Buccaneers,30,27,23-01-2022
Kansas City Chiefs,Buffalo Bills,42,36,23-01-2022
Cincinnati Bengals,Kansas City Chiefs,27,24,30-01-2022
Los Angeles Rams,San Francisco 49ers,20,17,30-01-2022
Los Angeles Rams,Cincinnati Bengals,23,20,13-02-2022
Buffalo Bills,Los Angeles Rams,31,10,08-09-2022
New Orleans Saints,Atlanta Falcons,27,26,11-09-2022
Cleveland Browns,Carolina Panthers,26,24,11-09-2022
Chicago Bears,San Francisco 49ers,19,10,11-09-2022
Pittsburgh Steelers,Cincinnati Bengals,23,20,11-09-2022
Houston Texans,Indianapolis Colts,20,20,11-09-2022
Philadelphia Eagles,Detroit Lions,38,35,11-09-2022
Washington Commanders,Jacksonville Jaguars,28,22,11-09-2022
Miami Dolphins,New England Patriots,20,7,11-09-2022
Baltimore Ravens,New York Jets,24,9,11-09-2022
Kansas City Chiefs,Arizona Cardinals,44,21,11-09-2022
Minnesota Vikings,Green Bay Packers,23,7,11-09-2022
New York Giants,Tennessee Titans,21,20,11-09-2022
Los Angeles Chargers,Las Vegas Raiders,24,19,11-09-2022
Tampa Bay Buccaneers,Dallas Cowboys,19,3,11-09-2022
Seattle Seahawks,Denver Broncos,17,16,12-09-2022
Kansas City Chiefs,Los Angeles Chargers,27,24,15-09-2022
New York Giants,Carolina Panthers,19,16,18-09-2022
New York Jets,Cleveland Browns,31,30,18-09-2022
Jacksonville Jaguars,Indianapolis Colts,24,0,18-09-2022
Detroit Lions,Washington Commanders,36,27,18-09-2022
Miami Dolphins,Baltimore Ravens,42,38,18-09-2022
Tampa Bay Buccaneers,New Orleans Saints,20,10,18-09-2022
New England Patriots,Pittsburgh Steelers,17,14,18-09-2022
Los Angeles Rams,Atlanta Falcons,31,27,18-09-2022
San Francisco 49ers,Seattle Seahawks,27,7,18-09-2022
Dallas Cowboys,Cincinnati Bengals,20,17,18-09-2022
Arizona Cardinals,Las Vegas Raiders,29,23,18-09-2022
Denver Broncos,Houston Texans,16,9,18-09-2022
Green Bay Packers,Chicago Bears,27,10,18-09-2022
Buffalo Bills,Tennessee Titans,41,7,19-09-2022
Philadelphia Eagles,Minnesota Vikings,24,7,19-09-2022
Cleveland Browns,Pittsburgh Steelers,29,17,22-09-2022
Miami Dolphins,Buffalo Bills,21,19,25-09-2022
Carolina Panthers,New Orleans Saints,22,14,25-09-2022
Chicago Bears,Houston Texans,23,20,25-09-2022
Cincinnati Bengals,New York Jets,27,12,25-09-2022
Indianapolis Colts,Kansas City Chiefs,20,17,25-09-2022
Minnesota Vikings,Detroit Lions,28,24,25-09-2022
Baltimore Ravens,New England Patriots,37,26,25-09-2022
Tennessee Titans,Las Vegas Raiders,24,22,25-09-2022
Philadelphia Eagles,Washington Commanders,24,8,25-09-2022
Jacksonville Jaguars,Los Angeles Chargers,38,10,25-09-2022
Atlanta Falcons,Seattle Seahawks,27,23,25-09-2022
Los Angeles Rams,Arizona Cardinals,20,12,25-09-2022
Green Bay Packers,Tampa Bay Buccaneers,14,12,25-09-2022
Denver Broncos,San Francisco 49ers,11,10,25-09-2022
Dallas Cowboys,New York Giants,23,16,26-09-2022
Cincinnati Bengals,Miami Dolphins,27,15,29-09-2022
Minnesota Vikings,New Orleans Saints,28,25,02-10-2022
Atlanta Falcons,Cleveland Browns,23,20,02-10-2022
Buffalo Bills,Baltimore Ravens,23,20,02-10-2022
New York Giants,Chicago Bears,20,12,02-10-2022
Tennessee Titans,Indianapolis Colts,24,17,02-10-2022
Dallas Cowboys,Washington Commanders,25,10,02-10-2022
Seattle Seahawks,Detroit Lions,48,45,02-10-2022
Los Angeles Chargers,Houston Texans,34,24,02-10-2022
Philadelphia Eagles,Jacksonville Jaguars,29,21,02-10-2022
New York Jets,Pittsburgh Steelers,24,20,02-10-2022
Arizona Cardinals,Carolina Panthers,26,16,02-10-2022
Las Vegas Raiders,Denver Broncos,32,23,02-10-2022
Green Bay Packers,New England Patriots,27,24,02-10-2022
Kansas City Chiefs,Tampa Bay Buccaneers,41,31,02-10-2022
San Francisco 49ers,Los Angeles Rams,24,9,03-10-2022
Indianapolis Colts,Denver Broncos,12,9,06-10-2022
New York Giants,Green Bay Packers,27,22,09-10-2022
Tampa Bay Buccaneers,Atlanta Falcons,21,15,09-10-2022
Buffalo Bills,Pittsburgh Steelers,38,3,09-10-2022
Minnesota Vikings,Chicago Bears,29,22,09-10-2022
Los Angeles Chargers,Cleveland Browns,30,28,09-10-2022
New England Patriots,Detroit Lions,29,0,09-10-2022
Houston Texans,Jacksonville Jaguars,13,6,09-10-2022
New York Jets,Miami Dolphins,40,17,09-10-2022
New Orleans Saints,Seattle Seahawks,39,32,09-10-2022
Tennessee Titans,Washington Commanders,21,17,09-10-2022
San Francisco 49ers,Carolina Panthers,37,15,09-10-2022
Philadelphia Eagles,Arizona Cardinals,20,17,09-10-2022
Dallas Cowboys,Los Angeles Rams,22,10,09-10-2022
Baltimore Ravens,Cincinnati Bengals,19,17,09-10-2022
Kansas City Chiefs,Las Vegas Raiders,30,29,10-10-2022
Washington Commanders,Chicago Bears,12,7,13-10-2022
Atlanta Falcons,San Francisco 49ers,28,14,16-10-2022
Cincinnati Bengals,New Orleans Saints,30,26,16-10-2022
New England Patriots,Cleveland Browns,38,15,16-10-2022
Indianapolis Colts,Jacksonville Jaguars,34,27,16-10-2022
New York Jets,Green Bay Packers,27,10,16-10-2022
Minnesota Vikings,Miami Dolphins,24,16,16-10-2022
New York Giants,Baltimore Ravens,24,20,16-10-2022
Pittsburgh Steelers,Tampa Bay Buccaneers,20,18,16-10-2022
Los Angeles Rams,Carolina Panthers,24,10,16-10-2022
Seattle Seahawks,Arizona Cardinals,19,9,16-10-2022
Buffalo Bills,Kansas City Chiefs,24,20,16-10-2022
Philadelphia Eagles,Dallas Cowboys,26,17,16-10-2022
Los Angeles Chargers,Denver Broncos,19,16,17-10-2022
Arizona Cardinals,New Orleans Saints,42,34,20-10-2022
Cincinnati Bengals,Atlanta Falcons,35,17,23-10-2022
Carolina Panthers,Tampa Bay Buccaneers,21,3,23-10-2022
Baltimore Ravens,Cleveland Browns,23,20,23-10-2022
Tennessee Titans,Indianapolis Colts,19,10,23-10-2022
Dallas Cowboys,Detroit Lions,24,6,23-10-2022
Washington Commanders,Green Bay Packers,23,21,23-10-2022
New York Giants,Jacksonville Jaguars,23,17,23-10-2022
Las Vegas Raiders,Houston Texans,38,20,23-10-2022
New York Jets,Denver Broncos,16,9,23-10-2022
Kansas City Chiefs,San Francisco 49ers,44,23,23-10-2022
Seattle Seahawks,Los Angeles Chargers,37,23,23-10-2022
Miami Dolphins,Pittsburgh Steelers,16,10,23-10-2022
Chicago Bears,New England Patriots,33,14,24-10-2022
Baltimore Ravens,Tampa Bay Buccaneers,27,22,27-10-2022
Denver Broncos,Jacksonville Jaguars,21,17,30-10-2022
Miami Dolphins,Detroit Lions,31,27,30-10-2022
Philadelphia Eagles,Pittsburgh Steelers,35,13,30-10-2022
Atlanta Falcons,Carolina Panthers,37,34,30-10-2022
Dallas Cowboys,Chicago Bears,49,29,30-10-2022
Minnesota Vikings,Arizona Cardinals,34,26,30-10-2022
New Orleans Saints,Las Vegas Raiders,24,0,30-10-2022
New England Patriots,New York Jets,22,17,30-10-2022
Tennessee Titans,Houston Texans,17,10,30-10-2022
San Francisco 49ers,Los Angeles Rams,31,14,30-10-2022
Washington Commanders,Indianapolis Colts,17,16,30-10-2022
Seattle Seahawks,New York Giants,27,13,30-10-2022
Buffalo Bills,Green Bay Packers,27,17,30-10-2022
Cleveland Browns,Cincinnati Bengals,32,13,31-10-2022
Philadelphia Eagles,Houston Texans,29,17,03-11-2022
New York Jets,Buffalo Bills,20,17,06-11-2022
Detroit Lions,Green Bay Packers,15,9,06-11-2022
Minnesota Vikings,Washington Commanders,20,17,06-11-2022
Los Angeles Chargers,Atlanta Falcons,20,17,06-11-2022
Cincinnati Bengals,Carolina Panthers,42,21,06-11-2022
Miami Dolphins,Chicago Bears,35,32,06-11-2022
New England Patriots,Indianapolis Colts,26,3,06-11-2022
Jacksonville Jaguars,Las Vegas Raiders,27,20,06-11-2022
Seattle Seahawks,Arizona Cardinals,31,21,06-11-2022
Tampa Bay Buccaneers,Los Angeles Rams,16,13,06-11-2022
Kansas City Chiefs,Tennessee Titans,20,17,06-11-2022
Baltimore Ravens,New Orleans Saints,27,13,07-11-2022
Carolina Panthers,Atlanta Falcons,25,15,10-11-2022
Tampa Bay Buccaneers,Seattle Seahawks,21,16,13-11-2022
Minnesota Vikings,Buffalo Bills,33,30,13-11-2022
Miami Dolphins,Cleveland Browns,39,17,13-11-2022
Tennessee Titans,Denver Broncos,17,10,13-11-2022
New York Giants,Houston Texans,24,16,13-11-2022
Detroit Lions,Chicago Bears,31,30,13-11-2022
Kansas City Chiefs,Jacksonville Jaguars,27,17,13-11-2022
Pittsburgh Steelers,New Orleans Saints,20,10,13-11-2022
Indianapolis Colts,Las Vegas Raiders,25,20,13-11-2022
Green Bay Packers,Dallas Cowboys,31,28,13-11-2022
Arizona Cardinals,Los Angeles Rams,27,17,13-11-2022
San Francisco 49ers,Los Angeles Chargers,22,16,13-11-2022
Washington Commanders,Philadelphia Eagles,32,21,14-11-2022
Tennessee Titans,Green Bay Packers,27,17,17-11-2022
Buffalo Bills,Cleveland Browns,31,23,20-11-2022
Detroit Lions,New York Giants,31,18,20-11-2022
Washington Commanders,Houston Texans,23,10,20-11-2022
New England Patriots,New York Jets,10,3,20-11-2022
Atlanta Falcons,Chicago Bears,27,24,20-11-2022
Baltimore Ravens,Carolina Panthers,13,3,20-11-2022
Philadelphia Eagles,Indianapolis Colts,17,16,20-11-2022
New Orleans Saints,Los Angeles Rams,27,20,20-11-2022
Las Vegas Raiders,Denver Broncos,22,16,20-11-2022
Cincinnati Bengals,Pittsburgh Steelers,37,30,20-11-2022
Dallas Cowboys,Minnesota Vikings,40,3,20-11-2022
Kansas City Chiefs,Los Angeles Chargers,30,27,20-11-2022
San Francisco 49ers,Arizona Cardinals,38,10,21-11-2022
Buffalo Bills,Detroit Lions,28,25,24-11-2022
Dallas Cowboys,New York Giants,28,20,24-11-2022
Minnesota Vikings,New England Patriots,33,26,24-11-2022
Cincinnati Bengals,Tennessee Titans,20,16,27-11-2022
Cleveland Browns,Tampa Bay Buccaneers,23,17,27-11-2022
Miami Dolphins,Houston Texans,30,15,27-11-2022
Jacksonville Jaguars,Baltimore Ravens,28,27,27-11-2022
Washington Commanders,Atlanta Falcons,19,13,27-11-2022
Carolina Panthers,Denver Broncos,23,10,27-11-2022
New York Jets,Chicago Bears,31,10,27-11-2022
Las Vegas Raiders,Seattle Seahawks,40,34,27-11-2022
Los Angeles Chargers,Arizona Cardinals,25,24,27-11-2022
Kansas City Chiefs,Los Angeles Rams,26,10,27-11-2022
San Francisco 49ers,New Orleans Saints,13,0,27-11-2022
Philadelphia Eagles,Green Bay Packers,40,33,27-11-2022
Pittsburgh Steelers,Indianapolis Colts,24,17,28-11-2022
Buffalo Bills,New England Patriots,24,10,01-12-2022
Cleveland Browns,Houston Texans,27,14,04-12-2022
Baltimore Ravens,Denver Broncos,10,9,04-12-2022
Detroit Lions,Jacksonville Jaguars,40,14,04-12-2022
Minnesota Vikings,New York Jets,27,22,04-12-2022
Washington Commanders,New York Giants,20,20,04-12-2022
Philadelphia Eagles,Tennessee Titans,35,10,04-12-2022
Pittsburgh Steelers,Atlanta Falcons,19,16,04-12-2022
Green Bay Packers,Chicago Bears,28,19,04-12-2022
San Francisco 49ers,Miami Dolphins,33,17,04-12-2022
Seattle Seahawks,Los Angeles Rams,27,23,04-12-2022
Cincinnati Bengals,Kansas City Chiefs,27,24,04-12-2022
Las Vegas Raiders,Los Angeles Chargers,27,20,04-12-2022
Dallas Cowboys,Indianapolis Colts,54,19,04-12-2022
Tampa Bay Buccaneers,New Orleans Saints,17,16,05-12-2022
Los Angeles Rams,Las Vegas Raiders,17,16,08-12-2022
Buffalo Bills,New York Jets,20,12,11-12-2022
Cincinnati Bengals,Cleveland Browns,23,10,11-12-2022
Dallas Cowboys,Houston Texans,27,23,11-12-2022
Detroit Lions,Minnesota Vikings,34,23,11-12-2022
Jacksonville Jaguars,Tennessee Titans,36,22,11-12-2022
Philadelphia Eagles,New York Giants,48,22,11-12-2022
Baltimore Ravens,Pittsburgh Steelers,16,14,11-12-2022
Kansas City Chiefs,Denver Broncos,34,28,11-12-2022
Carolina Panthers,Seattle Seahawks,30,24,11-12-2022
San Francisco 49ers,Tampa Bay Buccaneers,35,7,11-12-2022
Los Angeles Chargers,Miami Dolphins,23,17,11-12-2022
New England Patriots,Arizona Cardinals,27,13,12-12-2022
San Francisco 49ers,Seattle Seahawks,21,13,15-12-2022
Minnesota Vikings,Indianapolis Colts,39,36,17-12-2022
Cleveland Browns,Baltimore Ravens,13,3,17-12-2022
Buffalo Bills,Miami Dolphins,32,29,17-12-2022
New Orleans Saints,Atlanta Falcons,21,18,18-12-2022
Pittsburgh Steelers,Carolina Panthers,24,16,18-12-2022
Philadelphia Eagles,Chicago Bears,25,20,18-12-2022
Jacksonville Jaguars,Dallas Cowboys,40,34,18-12-2022
Detroit Lions,New York Jets,20,17,18-12-2022
Kansas City Chiefs,Houston Texans,30,24,18-12-2022
Denver Broncos,Arizona Cardinals,24,15,18-12-2022
Las Vegas Raiders,New England Patriots,30,24,18-12-2022
Cincinnati Bengals,Tampa Bay Buccaneers,34,23,18-12-2022
Los Angeles Chargers,Tennessee Titans,17,14,18-12-2022
New York Giants,Washington Commanders,20,12,18-12-2022
Green Bay Packers,Los Angeles Rams,24,12,19-12-2022
Jacksonville Jaguars,New York Jets,19,3,22-12-2022
Baltimore Ravens,Atlanta Falcons,17,9,24-12-2022
Buffalo Bills,Chicago Bears,35,13,24-12-2022
Carolina Panthers,Detroit Lions,37,23,24-12-2022
Cincinnati Bengals,New England Patriots,22,18,24-12-2022
New Orleans Saints,Cleveland Browns,17,10,24-12-2022
Houston Texans,Tennessee Titans,19,14,24-12-2022
Kansas City Chiefs,Seattle Seahawks,24,10,24-12-2022
Minnesota Vikings,New York Giants,27,24,24-12-2022
San Francisco 49ers,Washington Commanders,37,20,24-12-2022
Dallas Cowboys,Philadelphia Eagles,40,34,24-12-2022
Pittsburgh Steelers,Las Vegas Raiders,13,10,24-12-2022
Green Bay Packers,Miami Dolphins,26,20,25-12-2022
Los Angeles Rams,Denver Broncos,51,14,25-12-2022
Tampa Bay Buccaneers,Arizona Cardinals,19,16,25-12-2022
Los Angeles Chargers,Indianapolis Colts,20,3,26-12-2022
Dallas Cowboys,Tennessee Titans,27,13,29-12-2022
Atlanta Falcons,Arizona Cardinals,20,19,01-01-2023
Tampa Bay Buccaneers,Carolina Panthers,30,24,01-01-2023
Detroit Lions,Chicago Bears,41,10,01-01-2023
Cleveland Browns,Washington Commanders,24,10,01-01-2023
New York Giants,Indianapolis Colts,38,10,01-01-2023
Kansas City Chiefs,Denver Broncos,27,24,01-01-2023
Jacksonville Jaguars,Houston Texans,31,3,01-01-2023
New England Patriots,Miami Dolphins,23,21,01-01-2023
New Orleans Saints,Philadelphia Eagles,20,10,01-01-2023
Seattle Seahawks,New York Jets,23,6,01-01-2023
San Francisco 49ers,Las Vegas Raiders,37,34,01-01-2023
Green Bay Packers,Minnesota Vikings,41,17,01-01-2023
Los Angeles Chargers,Los Angeles Rams,31,10,01-01-2023
Pittsburgh Steelers,Baltimore Ravens,16,13,01-01-2023
Kansas City Chiefs,Las Vegas Raiders,31,13,07-01-2023
Jacksonville Jaguars,Tennessee Titans,20,16,07-01-2023
Buffalo Bills,New England Patriots,35,23,08-01-2023
Cincinnati Bengals,Baltimore Ravens,27,16,08-01-2023
Atlanta Falcons,Tampa Bay Buccaneers,30,17,08-01-2023
Carolina Panthers,New Orleans Saints,10,7,08-01-2023
Minnesota Vikings,Chicago Bears,29,13,08-01-2023
Pittsburgh Steelers,Cleveland Browns,28,14,08-01-2023
Houston Texans,Indianapolis Colts,32,31,08-01-2023
Miami Dolphins,New York Jets,11,6,08-01-2023
San Francisco 49ers,Arizona Cardinals,38,13,08-01-2023
Washington Commanders,Dallas Cowboys,26,6,08-01-2023
Denver Broncos,Los Angeles Chargers,31,28,08-01-2023
Philadelphia Eagles,New York Giants,22,16,08-01-2023
Seattle Seahawks,Los Angeles Rams,19,16,08-01-2023
Detroit Lions,Green Bay Packers,20,16,08-01-2023
San Francisco 49ers,Seattle Seahawks,41,23,14-01-2023
Jacksonville Jaguars,Los Angeles Chargers,31,30,14-01-2023
Buffalo Bills,Miami Dolphins,34,31,15-01-2023
New York Giants,Minnesota Vikings,31,24,15-01-2023
Cincinnati Bengals,Baltimore Ravens,24,17,15-01-2023
Dallas Cowboys,Tampa Bay Buccaneers,31,14,16-01-2023
Kansas City Chiefs,Jacksonville Jaguars,27,20,21-01-2023
Philadelphia Eagles,New York Giants,38,7,21-01-2023
Cincinnati Bengals,Buffalo Bills,27,10,22-01-2023
San Francisco 49ers,Dallas Cowboys,19,12,22-01-2023
Philadelphia Eagles,San Francisco 49ers,31,7,29-01-2023
Kansas City Chiefs,Cincinnati Bengals,23,20,29-01-2023
Kansas City Chiefs,Philadelphia Eagles,38,35,12-02-2023
Detroit Lions,Kansas City Chiefs,21,20,07-09-2023
Atlanta Falcons,Carolina Panthers,24,10,10-09-2023
Cleveland Browns,Cincinnati Bengals,24,3,10-09-2023
Jacksonville Jaguars,Indianapolis Colts,31,21,10-09-2023
Washington Commanders,Arizona Cardinals,20,16,10-09-2023
Baltimore Ravens,Houston Texans,25,9,10-09-2023
Tampa Bay Buccaneers,Minnesota Vikings,20,17,10-09-2023
New Orleans Saints,Tennessee Titans,16,15,10-09-2023
San Francisco 49ers,Pittsburgh Steelers,30,7,10-09-2023
Green Bay Packers,Chicago Bears,38,20,10-09-2023
Las Vegas Raiders,Denver Broncos,17,16,10-09-2023
Miami Dolphins,Los Angeles Chargers,36,34,10-09-2023
Philadelphia Eagles,New England Patriots,25,20,10-09-2023
Los Angeles Rams,Seattle Seahawks,30,13,10-09-2023
Dallas Cowboys,New York Giants,40,0,10-09-2023
New York Jets,Buffalo Bills,22,16,11-09-2023
Philadelphia Eagles,Minnesota Vikings,34,28,14-09-2023
Atlanta Falcons,Green Bay Packers,25,24,17-09-2023
Buffalo Bills,Las Vegas Raiders,38,10,17-09-2023
Tampa Bay Buccaneers,Chicago Bears,27,17,17-09-2023
Baltimore Ravens,Cincinnati Bengals,27,24,17-09-2023
Indianapolis Colts,Houston Texans,31,20,17-09-2023
Seattle Seahawks,Detroit Lions,37,31,17-09-2023
Kansas City Chiefs,Jacksonville Jaguars,17,9,17-09-2023
Tennessee Titans,Los Angeles Chargers,27,24,17-09-2023
New York Giants,Arizona Cardinals,31,28,17-09-2023
San Francisco 49ers,Los Angeles Rams,30,23,17-09-2023
Dallas Cowboys,New York Jets,30,10,17-09-2023
Washington Commanders,Denver Broncos,35,33,17-09-2023
Miami Dolphins,New England Patriots,24,17,17-09-2023
New Orleans Saints,Carolina Panthers,20,17,18-09-2023
Pittsburgh Steelers,Cleveland Browns,26,22,18-09-2023
San Francisco 49ers,New York Giants,30,12,21-09-2023
Detroit Lions,Atlanta Falcons,20,6,24-09-2023
Buffalo Bills,Washington Commanders,37,3,24-09-2023
Cleveland Browns,Tennessee Titans,27,3,24-09-2023
Indianapolis Colts,Baltimore Ravens,22,19,24-09-2023
Miami Dolphins,Denver Broncos,70,20,24-09-2023
Green Bay Packers,New Orleans Saints,18,17,24-09-2023
Houston Texans,Jacksonville Jaguars,37,17,24-09-2023
Los Angeles Chargers,Minnesota Vikings,28,24,24-09-2023
New England Patriots,New York Jets,15,10,24-09-2023
Seattle Seahawks,Carolina Panthers,37,27,24-09-2023
Kansas City Chiefs,Chicago Bears,41,10,24-09-2023
Arizona Cardinals,Dallas Cowboys,28,16,24-09-2023
Pittsburgh Steelers,Las Vegas Raiders,23,18,24-09-2023
Philadelphia Eagles,Tampa Bay Buccaneers,25,11,25-09-2023
Cincinnati Bengals,Los Angeles Rams,19,16,25-09-2023
Detroit Lions,Green Bay Packers,34,20,28-09-2023
Jacksonville Jaguars,Atlanta Falcons,23,7,01-10-2023
Buffalo Bills,Miami Dolphins,48,20,01-10-2023
Minnesota Vikings,Carolina Panthers,21,13,01-10-2023
Denver Broncos,Chicago Bears,31,28,01-10-2023
Tennessee Titans,Cincinnati Bengals,27,3,01-10-2023
Baltimore Ravens,Cleveland Browns,28,3,01-10-2023
Los Angeles Rams,Indianapolis Colts,29,23,01-10-2023
Houston Texans,Pittsburgh Steelers,30,6,01-10-2023
Tampa Bay Buccaneers,New Orleans Saints,26,9,01-10-2023
Philadelphia Eagles,Washington Commanders,34,31,01-10-2023
Los Angeles Chargers,Las Vegas Raiders,24,17,01-10-2023
San Francisco 49ers,Arizona Cardinals,35,16,01-10-2023
Dallas Cowboys,New England Patriots,38,3,01-10-2023
Kansas City Chiefs,New York Jets,23,20,01-10-2023
Seattle Seahawks,New York Giants,24,3,02-10-2023
Chicago Bears,Washington Commanders,40,20,05-10-2023
Jacksonville Jaguars,Buffalo Bills,25,20,08-10-2023
Atlanta Falcons,Houston Texans,21,19,08-10-2023
Detroit Lions,Carolina Panthers,42,24,08-10-2023
Indianapolis Colts,Tennessee Titans,23,16,08-10-2023
Miami Dolphins,New York Giants,31,16,08-10-2023
New Orleans Saints,New England Patriots,34,0,08-10-2023
Pittsburgh Steelers,Baltimore Ravens,17,10,08-10-2023
Cincinnati Bengals,Arizona Cardinals,34,20,08-10-2023
Philadelphia Eagles,Los Angeles Rams,23,14,08-10-2023
New York Jets,Denver Broncos,31,21,08-10-2023
Kansas City Chiefs,Minnesota Vikings,27,20,08-10-2023
San Francisco 49ers,Dallas Cowboys,42,10,08-10-2023
Las Vegas Raiders,Green Bay Packers,17,13,09-10-2023
Kansas City Chiefs,Denver Broncos,19,8,12-10-2023
Baltimore Ravens,Tennessee Titans,24,16,15-10-2023
Cleveland Browns,San Francisco 49ers,19,17,15-10-2023
Washington Commanders,Atlanta Falcons,24,16,15-10-2023
Miami Dolphins,Carolina Panthers,42,21,15-10-2023
Minnesota Vikings,Chicago Bears,19,13,15-10-2023
Cincinnati Bengals,Seattle Seahawks,17,13,15-10-2023
Jacksonville Jaguars,Indianapolis Colts,37,20,15-10-2023
Houston Texans,New Orleans Saints,20,13,15-10-2023
Las Vegas Raiders,New England Patriots,21,17,15-10-2023
Los Angeles Rams,Arizona Cardinals,26,9,15-10-2023
Detroit Lions,Tampa Bay Buccaneers,20,6,15-10-2023
New York Jets,Philadelphia Eagles,20,14,15-10-2023
Buffalo Bills,New York Giants,14,9,15-10-2023
Dallas Cowboys,Los Angeles Chargers,20,17,16-10-2023
Jacksonville Jaguars,New Orleans Saints,31,24,19-10-2023
Cleveland Browns,Indianapolis Colts,39,38,22-10-2023
Atlanta Falcons,Tampa Bay Buccaneers,16,13,22-10-2023
New England Patriots,Buffalo Bills,29,25,22-10-2023
Chicago Bears,Las Vegas Raiders,30,12,22-10-2023
Baltimore Ravens,Detroit Lions,38,6,22-10-2023
New York Giants,Washington Commanders,14,7,22-10-2023
Pittsburgh Steelers,Los Angeles Rams,24,17,22-10-2023
Seattle Seahawks,Arizona Cardinals,20,10,22-10-2023
Denver Broncos,Green Bay Packers,19,17,22-10-2023
Kansas City Chiefs,Los Angeles Chargers,31,17,22-10-2023
Philadelphia Eagles,Miami Dolphins,31,17,22-10-2023
Minnesota Vikings,San Francisco 49ers,22,17,23-10-2023
Buffalo Bills,Tampa Bay Buccaneers,24,18,26-10-2023
Carolina Panthers,Houston Texans,15,13,29-10-2023
Dallas Cowboys,Los Angeles Rams,43,20,29-10-2023
Minnesota Vikings,Green Bay Packers,24,10,29-10-2023
Tennessee Titans,Atlanta Falcons,28,23,29-10-2023
New Orleans Saints,Indianapolis Colts,38,27,29-10-2023
Jacksonville Jaguars,Pittsburgh Steelers,20,10,29-10-2023
Miami Dolphins,New England Patriots,31,17,29-10-2023
New York Jets,New York Giants,13,10,29-10-2023
Philadelphia Eagles,Washington Commanders,38,31,29-10-2023
Seattle Seahawks,Cleveland Browns,24,20,29-10-2023
Cincinnati Bengals,San Francisco 49ers,31,17,29-10-2023
Baltimore Ravens,Arizona Cardinals,31,24,29-10-2023
Denver Broncos,Kansas City Chiefs,24,9,29-10-2023
Los Angeles Chargers,Chicago Bears,30,13,29-10-2023
Detroit Lions,Las Vegas Raiders,26,14,30-10-2023
Pittsburgh Steelers,Tennessee Titans,20,16,02-11-2023
Kansas City Chiefs,Miami Dolphins,21,14,05-11-2023
Cleveland Browns,Arizona Cardinals,27,0,05-11-2023
Green Bay Packers,Los Angeles Rams,20,3,05-11-2023
Houston Texans,Tampa Bay Buccaneers,39,37,05-11-2023
Minnesota Vikings,Atlanta Falcons,31,28,05-11-2023
New Orleans Saints,Chicago Bears,24,17,05-11-2023
Washington Commanders,New England Patriots,20,17,05-11-2023
Baltimore Ravens,Seattle Seahawks,37,3,05-11-2023
Indianapolis Colts,Carolina Panthers,27,13,05-11-2023
Philadelphia Eagles,Dallas Cowboys,28,23,05-11-2023
Las Vegas Raiders,New York Giants,30,6,05-11-2023
Cincinnati Bengals,Buffalo Bills,24,18,05-11-2023
Los Angeles Chargers,New York Jets,27,6,06-11-2023
Chicago Bears,Carolina Panthers,16,13,09-11-2023
Indianapolis Colts,New England Patriots,10,6,12-11-2023
Houston Texans,Cincinnati Bengals,30,27,12-11-2023
Cleveland Browns,Baltimore Ravens,33,31,12-11-2023
Pittsburgh Steelers,Green Bay Packers,23,19,12-11-2023
San Francisco 49ers,Jacksonville Jaguars,34,3,12-11-2023
Tampa Bay Buccaneers,Tennessee Titans,20,6,12-11-2023
Minnesota Vikings,New Orleans Saints,27,19,12-11-2023
Detroit Lions,Los Angeles Chargers,41,38,12-11-2023
Arizona Cardinals,Atlanta Falcons,25,23,12-11-2023
Dallas Cowboys,New York Giants,49,17,12-11-2023
Seattle Seahawks,Washington Commanders,29,26,12-11-2023
Las Vegas Raiders,New York Jets,16,12,12-11-2023
Denver Broncos,Buffalo Bills,24,22,13-11-2023
Baltimore Ravens,Cincinnati Bengals,34,20,16-11-2023
Dallas Cowboys,Carolina Panthers,33,10,19-11-2023
Cleveland Browns,Pittsburgh Steelers,13,10,19-11-2023
Green Bay Packers,Los Angeles Chargers,23,20,19-11-2023
Jacksonville Jaguars,Tennessee Titans,34,14,19-11-2023
Miami Dolphins,Las Vegas Raiders,20,13,19-11-2023
Detroit Lions,Chicago Bears,31,26,19-11-2023
Houston Texans,Arizona Cardinals,21,16,19-11-2023
New York Giants,Washington Commanders,31,19,19-11-2023
San Francisco 49ers,Tampa Bay Buccaneers,27,14,19-11-2023
Los Angeles Rams,Seattle Seahawks,17,16,19-11-2023
Buffalo Bills,New York Jets,32,6,19-11-2023
Denver Broncos,Minnesota Vikings,21,20,19-11-2023
Philadelphia Eagles,Kansas City Chiefs,21,17,20-11-2023
Green Bay Packers,Detroit Lions,29,22,23-11-2023
Dallas Cowboys,Washington Commanders,45,10,23-11-2023
San Francisco 49ers,Seattle Seahawks,31,13,23-11-2023
Miami Dolphins,New York Jets,34,13,24-11-2023
Atlanta Falcons,New Orleans Saints,24,15,26-11-2023
Tennessee Titans,Carolina Panthers,17,10,26-11-2023
Pittsburgh Steelers,Cincinnati Bengals,16,10,26-11-2023
Indianapolis Colts,Tampa Bay Buccaneers,27,20,26-11-2023
Jacksonville Jaguars,Houston Texans,24,21,26-11-2023
New York Giants,New England Patriots,10,7,26-11-2023
Denver Broncos,Cleveland Browns,29,12,26-11-2023
Los Angeles Rams,Arizona Cardinals,37,14,26-11-2023
Kansas City Chiefs,Las Vegas Raiders,31,17,26-11-2023
Philadelphia Eagles,Buffalo Bills,37,34,26-11-2023
Baltimore Ravens,Los Angeles Chargers,20,10,26-11-2023
Chicago Bears,Minnesota Vikings,12,10,27-11-2023
Dallas Cowboys,Seattle Seahawks,41,35,30-11-2023
Atlanta Falcons,New York Jets,13,8,03-12-2023
Indianapolis Colts,Tennessee Titans,31,28,03-12-2023
Houston Texans,Denver Broncos,22,17,03-12-2023
Detroit Lions,New Orleans Saints,33,28,03-12-2023
Miami Dolphins,Washington Commanders,45,15,03-12-2023
Los Angeles Chargers,New England Patriots,6,0,03-12-2023
Arizona Cardinals,Pittsburgh Steelers,24,10,03-12-2023
Tampa Bay Buccaneers,Carolina Panthers,21,18,03-12-2023
Los Angeles Rams,Cleveland Browns,36,19,03-12-2023
San Francisco 49ers,Philadelphia Eagles,42,19,03-12-2023
Green Bay Packers,Kansas City Chiefs,27,19,03-12-2023
Cincinnati Bengals,Jacksonville Jaguars,34,31,04-12-2023
New England Patriots,Pittsburgh Steelers,21,18,07-12-2023
Tampa Bay Buccaneers,Atlanta Falcons,29,25,10-12-2023
New Orleans Saints,Carolina Panthers,28,6,10-12-2023
Chicago Bears,Detroit Lions,28,13,10-12-2023
Cincinnati Bengals,Indianapolis Colts,34,14,10-12-2023
Cleveland Browns,Jacksonville Jaguars,31,27,10-12-2023
New York Jets,Houston Texans,30,6,10-12-2023
Baltimore Ravens,Los Angeles Rams,37,31,10-12-2023
Minnesota Vikings,Las Vegas Raiders,3,0,10-12-2023
San Francisco 49ers,Seattle Seahawks,28,16,10-12-2023
Buffalo Bills,Kansas City Chiefs,20,17,10-12-2023
Denver Broncos,Los Angeles Chargers,24,7,10-12-2023
Dallas Cowboys,Philadelphia Eagles,33,13,10-12-2023
New York Giants,Green Bay Packers,24,22,11-12-2023
Tennessee Titans,Miami Dolphins,28,27,11-12-2023
Las Vegas Raiders,Los Angeles Chargers,63,21,14-12-2023
Cincinnati Bengals,Minnesota Vikings,27,24,16-12-2023
Indianapolis Colts,Pittsburgh Steelers,30,13,16-12-2023
Detroit Lions,Denver Broncos,42,17,16-12-2023
Carolina Panthers,Atlanta Falcons,9,7,17-12-2023
Cleveland Browns,Chicago Bears,20,17,17-12-2023
Tampa Bay Buccaneers,Green Bay Packers,34,20,17-12-2023
Houston Texans,Tennessee Titans,19,16,17-12-2023
Kansas City Chiefs,New England Patriots,27,17,17-12-2023
Miami Dolphins,New York Jets,30,0,17-12-2023
New Orleans Saints,New York Giants,24,6,17-12-2023
San Francisco 49ers,Arizona Cardinals,45,29,17-12-2023
Los Angeles Rams,Washington Commanders,28,20,17-12-2023
Buffalo Bills,Dallas Cowboys,31,10,17-12-2023
Baltimore Ravens,Jacksonville Jaguars,23,7,17-12-2023
Seattle Seahawks,Philadelphia Eagles,20,17,18-12-2023
Los Angeles Rams,New Orleans Saints,30,22,21-12-2023
Cincinnati Bengals,Pittsburgh Steelers,0,0,23-12-2023
Buffalo Bills,Los Angeles Chargers,0,0,23-12-2023
Cleveland Browns,Houston Texans,0,0,24-12-2023
Detroit Lions,Minnesota Vikings,0,0,24-12-2023
Green Bay Packers,Carolina Panthers,0,0,24-12-2023
Seattle Seahawks,Tennessee Titans,0,0,24-12-2023
Indianapolis Colts,Atlanta Falcons,0,0,24-12-2023
Washington Commanders,New York Jets,0,0,24-12-2023
Jacksonville Jaguars,Tampa Bay Buccaneers,0,0,24-12-2023
Arizona Cardinals,Chicago Bears,0,0,24-12-2023
Dallas Cowboys,Miami Dolphins,0,0,24-12-2023
New England Patriots,Denver Broncos,0,0,24-12-2023
Las Vegas Raiders,Kansas City Chiefs,0,0,25-12-2023
New York Giants,Philadelphia Eagles,0,0,25-12-2023
Baltimore Ravens,San Francisco 49ers,0,0,25-12-2023
New York Jets,Cleveland Browns,0,0,28-12-2023
Detroit Lions,Dallas Cowboys,0,0,30-12-2023
Tennessee Titans,Houston Texans,0,0,31-12-2023
Las Vegas Raiders,Indianapolis Colts,0,0,31-12-2023
Arizona Cardinals,Philadelphia Eagles,0,0,31-12-2023
Carolina Panthers,Jacksonville Jaguars,0,0,31-12-2023
San Francisco 49ers,Washington Commanders,0,0,31-12-2023
Atlanta Falcons,Chicago Bears,0,0,31-12-2023
Miami Dolphins,Baltimore Ravens,0,0,31-12-2023
Los Angeles Rams,New York Giants,0,0,31-12-2023
New Orleans Saints,Tampa Bay Buccaneers,0,0,31-12-2023
New England Patriots,Buffalo Bills,0,0,31-12-2023
Pittsburgh Steelers,Seattle Seahawks,0,0,31-12-2023
Cincinnati Bengals,Kansas City Chiefs,0,0,31-12-2023
Los Angeles Chargers,Denver Broncos,0,0,31-12-2023
Green Bay Packers,Minnesota Vikings,0,0,31-12-2023
Pittsburgh Steelers,Baltimore Ravens,0,0,07-01-2024
Atlanta Falcons,New Orleans Saints,0,0,07-01-2024
Tampa Bay Buccaneers,Carolina Panthers,0,0,07-01-2024
Buffalo Bills,Miami Dolphins,0,0,07-01-2024
Seattle Seahawks,Arizona Cardinals,0,0,07-01-2024
Chicago Bears,Green Bay Packers,0,0,07-01-2024
Los Angeles Rams,San Francisco 49ers,0,0,07-01-2024
Cleveland Browns,Cincinnati Bengals,0,0,07-01-2024
Philadelphia Eagles,New York Giants,0,0,07-01-2024
Dallas Cowboys,Washington Commanders,0,0,07-01-2024
New York Jets,New England Patriots,0,0,07-01-2024
Denver Broncos,Las Vegas Raiders,0,0,07-01-2024
Houston Texans,Indianapolis Colts,0,0,07-01-2024
Jacksonville Jaguars,Tennessee Titans,0,0,07-01-2024
Kansas City Chiefs,Los Angeles Chargers,0,0,07-01-2024
Minnesota Vikings,Detroit Lions,0,0,07-01-2024
