Match_ID,Team Name,Score,match_date,Result,Category
202109090tam,Tampa Bay Buccaneers,31,09-09-2021,WIN,HOME
202109090tam,Dallas Cowboys,29,09-09-2021,LOSE,AWAY
202109120atl,Philadelphia Eagles,32,12-09-2021,WIN,AWAY
202109120atl,Atlanta Falcons,6,12-09-2021,LOSE,HOME
202109120buf,Pittsburgh Steelers,23,12-09-2021,WIN,AWAY
202109120buf,Buffalo Bills,16,12-09-2021,LOSE,HOME
202109120car,Carolina Panthers,19,12-09-2021,WIN,HOME
202109120car,New York Jets,14,12-09-2021,LOSE,AWAY
202109120cin,Cincinnati Bengals,27,12-09-2021,WIN,HOME
202109120cin,Minnesota Vikings,24,12-09-2021,LOSE,AWAY
202109120clt,Indianapolis Colts,16,12-09-2021,LOSE,HOME
202109120clt,Seattle Seahawks,28,12-09-2021,WIN,AWAY
202109120det,San Francisco 49ers,41,12-09-2021,WIN,AWAY
202109120det,Detroit Lions,33,12-09-2021,LOSE,HOME
202109120htx,Houston Texans,37,12-09-2021,WIN,HOME
202109120htx,Jacksonville Jaguars,21,12-09-2021,LOSE,AWAY
202109120kan,Kansas City Chiefs,33,12-09-2021,WIN,HOME
202109120kan,Cleveland Browns,29,12-09-2021,LOSE,AWAY
202109120nor,Green Bay Packers,3,12-09-2021,LOSE,AWAY
202109120nor,New Orleans Saints,38,12-09-2021,WIN,HOME
202109120nwe,Miami Dolphins,17,12-09-2021,WIN,AWAY
202109120nwe,New England Patriots,16,12-09-2021,LOSE,HOME
202109120nyg,New York Giants,13,12-09-2021,LOSE,HOME
202109120nyg,Denver Broncos,27,12-09-2021,WIN,AWAY
202109120oti,Arizona Cardinals,38,12-09-2021,WIN,AWAY
202109120oti,Tennessee Titans,13,12-09-2021,LOSE,HOME
202109120ram,Chicago Bears,14,12-09-2021,LOSE,AWAY
202109120ram,Los Angeles Rams,34,12-09-2021,WIN,HOME
202109120was,Washington Football Team,16,12-09-2021,LOSE,HOME
202109120was,Los Angeles Chargers,20,12-09-2021,WIN,AWAY
202109130rai,Baltimore Ravens,27,13-09-2021,LOSE,AWAY
202109130rai,Las Vegas Raiders,33,13-09-2021,WIN,HOME
202109160was,New York Giants,29,16-09-2021,LOSE,AWAY
202109160was,Washington Football Team,30,16-09-2021,WIN,HOME
202109190car,New Orleans Saints,7,19-09-2021,LOSE,AWAY
202109190car,Carolina Panthers,26,19-09-2021,WIN,HOME
202109190chi,Cincinnati Bengals,17,19-09-2021,LOSE,AWAY
202109190chi,Chicago Bears,20,19-09-2021,WIN,HOME
202109190cle,Cleveland Browns,31,19-09-2021,WIN,HOME
202109190cle,Houston Texans,21,19-09-2021,LOSE,AWAY
202109190clt,Los Angeles Rams,27,19-09-2021,WIN,AWAY
202109190clt,Indianapolis Colts,24,19-09-2021,LOSE,HOME
202109190crd,Minnesota Vikings,33,19-09-2021,LOSE,AWAY
202109190crd,Arizona Cardinals,34,19-09-2021,WIN,HOME
202109190jax,Denver Broncos,23,19-09-2021,WIN,AWAY
202109190jax,Jacksonville Jaguars,13,19-09-2021,LOSE,HOME
202109190mia,Buffalo Bills,35,19-09-2021,WIN,AWAY
202109190mia,Miami Dolphins,0,19-09-2021,LOSE,HOME
202109190nyj,New York Jets,6,19-09-2021,LOSE,HOME
202109190nyj,New England Patriots,25,19-09-2021,WIN,AWAY
202109190phi,San Francisco 49ers,17,19-09-2021,WIN,AWAY
202109190phi,Philadelphia Eagles,11,19-09-2021,LOSE,HOME
202109190pit,Las Vegas Raiders,26,19-09-2021,WIN,AWAY
202109190pit,Pittsburgh Steelers,17,19-09-2021,LOSE,HOME
202109190rav,Baltimore Ravens,36,19-09-2021,WIN,HOME
202109190rav,Kansas City Chiefs,35,19-09-2021,LOSE,AWAY
202109190sdg,Los Angeles Chargers,17,19-09-2021,LOSE,HOME
202109190sdg,Dallas Cowboys,20,19-09-2021,WIN,AWAY
202109190sea,Tennessee Titans,33,19-09-2021,WIN,AWAY
202109190sea,Seattle Seahawks,30,19-09-2021,LOSE,HOME
202109190tam,Atlanta Falcons,25,19-09-2021,LOSE,AWAY
202109190tam,Tampa Bay Buccaneers,48,19-09-2021,WIN,HOME
202109200gnb,Green Bay Packers,35,20-09-2021,WIN,HOME
202109200gnb,Detroit Lions,17,20-09-2021,LOSE,AWAY
202109230htx,Carolina Panthers,24,23-09-2021,WIN,AWAY
202109230htx,Houston Texans,9,23-09-2021,LOSE,HOME
202109260buf,Washington Football Team,21,26-09-2021,LOSE,AWAY
202109260buf,Buffalo Bills,43,26-09-2021,WIN,HOME
202109260cle,Chicago Bears,6,26-09-2021,LOSE,AWAY
202109260cle,Cleveland Browns,26,26-09-2021,WIN,HOME
202109260den,New York Jets,0,26-09-2021,LOSE,AWAY
202109260den,Denver Broncos,26,26-09-2021,WIN,HOME
202109260det,Baltimore Ravens,19,26-09-2021,WIN,AWAY
202109260det,Detroit Lions,17,26-09-2021,LOSE,HOME
202109260jax,Jacksonville Jaguars,19,26-09-2021,LOSE,HOME
202109260jax,Arizona Cardinals,31,26-09-2021,WIN,AWAY
202109260kan,Los Angeles Chargers,30,26-09-2021,WIN,AWAY
202109260kan,Kansas City Chiefs,24,26-09-2021,LOSE,HOME
202109260min,Minnesota Vikings,30,26-09-2021,WIN,HOME
202109260min,Seattle Seahawks,17,26-09-2021,LOSE,AWAY
202109260nwe,New England Patriots,13,26-09-2021,LOSE,HOME
202109260nwe,New Orleans Saints,28,26-09-2021,WIN,AWAY
202109260nyg,Atlanta Falcons,17,26-09-2021,WIN,AWAY
202109260nyg,New York Giants,14,26-09-2021,LOSE,HOME
202109260oti,Tennessee Titans,25,26-09-2021,WIN,HOME
202109260oti,Indianapolis Colts,16,26-09-2021,LOSE,AWAY
202109260pit,Pittsburgh Steelers,10,26-09-2021,LOSE,HOME
202109260pit,Cincinnati Bengals,24,26-09-2021,WIN,AWAY
202109260rai,Miami Dolphins,28,26-09-2021,LOSE,AWAY
202109260rai,Las Vegas Raiders,31,26-09-2021,WIN,HOME
202109260ram,Los Angeles Rams,34,26-09-2021,WIN,HOME
202109260ram,Tampa Bay Buccaneers,24,26-09-2021,LOSE,AWAY
202109260sfo,Green Bay Packers,30,26-09-2021,WIN,AWAY
202109260sfo,San Francisco 49ers,28,26-09-2021,LOSE,HOME
202109270dal,Philadelphia Eagles,21,27-09-2021,LOSE,AWAY
202109270dal,Dallas Cowboys,41,27-09-2021,WIN,HOME
202109300cin,Jacksonville Jaguars,21,30-09-2021,LOSE,AWAY
202109300cin,Cincinnati Bengals,24,30-09-2021,WIN,HOME
202110030atl,Atlanta Falcons,30,03-10-2021,LOSE,HOME
202110030atl,Washington Football Team,34,03-10-2021,WIN,AWAY
202110030buf,Houston Texans,0,03-10-2021,LOSE,AWAY
202110030buf,Buffalo Bills,40,03-10-2021,WIN,HOME
202110030chi,Detroit Lions,14,03-10-2021,LOSE,AWAY
202110030chi,Chicago Bears,24,03-10-2021,WIN,HOME
202110030dal,Carolina Panthers,28,03-10-2021,LOSE,AWAY
202110030dal,Dallas Cowboys,36,03-10-2021,WIN,HOME
202110030den,Baltimore Ravens,23,03-10-2021,WIN,AWAY
202110030den,Denver Broncos,7,03-10-2021,LOSE,HOME
202110030gnb,Green Bay Packers,27,03-10-2021,WIN,HOME
202110030gnb,Pittsburgh Steelers,17,03-10-2021,LOSE,AWAY
202110030mia,Indianapolis Colts,27,03-10-2021,WIN,AWAY
202110030mia,Miami Dolphins,17,03-10-2021,LOSE,HOME
202110030min,Cleveland Browns,14,03-10-2021,WIN,AWAY
202110030min,Minnesota Vikings,7,03-10-2021,LOSE,HOME
202110030nor,New Orleans Saints,21,03-10-2021,LOSE,HOME
202110030nor,New York Giants,27,03-10-2021,WIN,AWAY
202110030nwe,Tampa Bay Buccaneers,19,03-10-2021,WIN,AWAY
202110030nwe,New England Patriots,17,03-10-2021,LOSE,HOME
202110030nyj,New York Jets,27,03-10-2021,WIN,HOME
202110030nyj,Tennessee Titans,24,03-10-2021,LOSE,AWAY
202110030phi,Kansas City Chiefs,42,03-10-2021,WIN,AWAY
202110030phi,Philadelphia Eagles,30,03-10-2021,LOSE,HOME
202110030ram,Arizona Cardinals,37,03-10-2021,WIN,AWAY
202110030ram,Los Angeles Rams,20,03-10-2021,LOSE,HOME
202110030sfo,San Francisco 49ers,21,03-10-2021,LOSE,HOME
202110030sfo,Seattle Seahawks,28,03-10-2021,WIN,AWAY
202110040sdg,Los Angeles Chargers,28,04-10-2021,WIN,HOME
202110040sdg,Las Vegas Raiders,14,04-10-2021,LOSE,AWAY
202110070sea,Seattle Seahawks,17,07-10-2021,LOSE,HOME
202110070sea,Los Angeles Rams,26,07-10-2021,WIN,AWAY
202110100atl,Atlanta Falcons,27,10-10-2021,WIN,HOME
202110100atl,New York Jets,20,10-10-2021,LOSE,AWAY
202110100car,Philadelphia Eagles,21,10-10-2021,WIN,AWAY
202110100car,Carolina Panthers,18,10-10-2021,LOSE,HOME
202110100cin,Green Bay Packers,25,10-10-2021,WIN,AWAY
202110100cin,Cincinnati Bengals,22,10-10-2021,LOSE,HOME
202110100crd,San Francisco 49ers,10,10-10-2021,LOSE,AWAY
202110100crd,Arizona Cardinals,17,10-10-2021,WIN,HOME
202110100dal,Dallas Cowboys,44,10-10-2021,WIN,HOME
202110100dal,New York Giants,20,10-10-2021,LOSE,AWAY
202110100htx,Houston Texans,22,10-10-2021,LOSE,HOME
202110100htx,New England Patriots,25,10-10-2021,WIN,AWAY
202110100jax,Jacksonville Jaguars,19,10-10-2021,LOSE,HOME
202110100jax,Tennessee Titans,37,10-10-2021,WIN,AWAY
202110100kan,Buffalo Bills,38,10-10-2021,WIN,AWAY
202110100kan,Kansas City Chiefs,20,10-10-2021,LOSE,HOME
202110100min,Detroit Lions,17,10-10-2021,LOSE,AWAY
202110100min,Minnesota Vikings,19,10-10-2021,WIN,HOME
202110100pit,Denver Broncos,19,10-10-2021,LOSE,AWAY
202110100pit,Pittsburgh Steelers,27,10-10-2021,WIN,HOME
202110100rai,Chicago Bears,20,10-10-2021,WIN,AWAY
202110100rai,Las Vegas Raiders,9,10-10-2021,LOSE,HOME
202110100sdg,Cleveland Browns,42,10-10-2021,LOSE,AWAY
202110100sdg,Los Angeles Chargers,47,10-10-2021,WIN,HOME
202110100tam,Tampa Bay Buccaneers,45,10-10-2021,WIN,HOME
202110100tam,Miami Dolphins,17,10-10-2021,LOSE,AWAY
202110100was,Washington Football Team,22,10-10-2021,LOSE,HOME
202110100was,New Orleans Saints,33,10-10-2021,WIN,AWAY
202110110rav,Indianapolis Colts,25,11-10-2021,LOSE,AWAY
202110110rav,Baltimore Ravens,31,11-10-2021,WIN,HOME
202110140phi,Philadelphia Eagles,22,14-10-2021,LOSE,HOME
202110140phi,Tampa Bay Buccaneers,28,14-10-2021,WIN,AWAY
202110170car,Carolina Panthers,28,17-10-2021,LOSE,HOME
202110170car,Minnesota Vikings,34,17-10-2021,WIN,AWAY
202110170chi,Green Bay Packers,24,17-10-2021,WIN,AWAY
202110170chi,Chicago Bears,14,17-10-2021,LOSE,HOME
202110170cle,Cleveland Browns,14,17-10-2021,LOSE,HOME
202110170cle,Arizona Cardinals,37,17-10-2021,WIN,AWAY
202110170clt,Indianapolis Colts,31,17-10-2021,WIN,HOME
202110170clt,Houston Texans,3,17-10-2021,LOSE,AWAY
202110170den,Las Vegas Raiders,34,17-10-2021,WIN,AWAY
202110170den,Denver Broncos,24,17-10-2021,LOSE,HOME
202110170det,Cincinnati Bengals,34,17-10-2021,WIN,AWAY
202110170det,Detroit Lions,11,17-10-2021,LOSE,HOME
202110170jax,Jacksonville Jaguars,23,17-10-2021,WIN,HOME
202110170jax,Miami Dolphins,20,17-10-2021,LOSE,AWAY
202110170nwe,New England Patriots,29,17-10-2021,LOSE,HOME
202110170nwe,Dallas Cowboys,35,17-10-2021,WIN,AWAY
202110170nyg,New York Giants,11,17-10-2021,LOSE,HOME
202110170nyg,Los Angeles Rams,38,17-10-2021,WIN,AWAY
202110170pit,Pittsburgh Steelers,23,17-10-2021,WIN,HOME
202110170pit,Seattle Seahawks,20,17-10-2021,LOSE,AWAY
202110170rav,Baltimore Ravens,34,17-10-2021,WIN,HOME
202110170rav,Los Angeles Chargers,6,17-10-2021,LOSE,AWAY
202110170was,Washington Football Team,13,17-10-2021,LOSE,HOME
202110170was,Kansas City Chiefs,31,17-10-2021,WIN,AWAY
202110180oti,Buffalo Bills,31,18-10-2021,LOSE,AWAY
202110180oti,Tennessee Titans,34,18-10-2021,WIN,HOME
202110210cle,Cleveland Browns,17,21-10-2021,WIN,HOME
202110210cle,Denver Broncos,14,21-10-2021,LOSE,AWAY
202110240crd,Arizona Cardinals,31,24-10-2021,WIN,HOME
202110240crd,Houston Texans,5,24-10-2021,LOSE,AWAY
202110240gnb,Washington Football Team,10,24-10-2021,LOSE,AWAY
202110240gnb,Green Bay Packers,24,24-10-2021,WIN,HOME
202110240mia,Miami Dolphins,28,24-10-2021,LOSE,HOME
202110240mia,Atlanta Falcons,30,24-10-2021,WIN,AWAY
202110240nwe,New York Jets,13,24-10-2021,LOSE,AWAY
202110240nwe,New England Patriots,54,24-10-2021,WIN,HOME
202110240nyg,New York Giants,25,24-10-2021,WIN,HOME
202110240nyg,Carolina Panthers,3,24-10-2021,LOSE,AWAY
202110240oti,Kansas City Chiefs,3,24-10-2021,LOSE,AWAY
202110240oti,Tennessee Titans,27,24-10-2021,WIN,HOME
202110240rai,Las Vegas Raiders,33,24-10-2021,WIN,HOME
202110240rai,Philadelphia Eagles,22,24-10-2021,LOSE,AWAY
202110240ram,Los Angeles Rams,28,24-10-2021,WIN,HOME
202110240ram,Detroit Lions,19,24-10-2021,LOSE,AWAY
202110240rav,Baltimore Ravens,17,24-10-2021,LOSE,HOME
202110240rav,Cincinnati Bengals,41,24-10-2021,WIN,AWAY
202110240sfo,Indianapolis Colts,30,24-10-2021,WIN,AWAY
202110240sfo,San Francisco 49ers,18,24-10-2021,LOSE,HOME
202110240tam,Tampa Bay Buccaneers,38,24-10-2021,WIN,HOME
202110240tam,Chicago Bears,3,24-10-2021,LOSE,AWAY
202110250sea,New Orleans Saints,13,25-10-2021,WIN,AWAY
202110250sea,Seattle Seahawks,10,25-10-2021,LOSE,HOME
202110280crd,Green Bay Packers,24,28-10-2021,WIN,AWAY
202110280crd,Arizona Cardinals,21,28-10-2021,LOSE,HOME
202110310atl,Carolina Panthers,19,31-10-2021,WIN,AWAY
202110310atl,Atlanta Falcons,13,31-10-2021,LOSE,HOME
202110310buf,Buffalo Bills,26,31-10-2021,WIN,HOME
202110310buf,Miami Dolphins,11,31-10-2021,LOSE,AWAY
202110310chi,San Francisco 49ers,33,31-10-2021,WIN,AWAY
202110310chi,Chicago Bears,22,31-10-2021,LOSE,HOME
202110310cle,Pittsburgh Steelers,15,31-10-2021,WIN,AWAY
202110310cle,Cleveland Browns,10,31-10-2021,LOSE,HOME
202110310clt,Tennessee Titans,34,31-10-2021,WIN,AWAY
202110310clt,Indianapolis Colts,31,31-10-2021,LOSE,HOME
202110310den,Washington Football Team,10,31-10-2021,LOSE,AWAY
202110310den,Denver Broncos,17,31-10-2021,WIN,HOME
202110310det,Philadelphia Eagles,44,31-10-2021,WIN,AWAY
202110310det,Detroit Lions,6,31-10-2021,LOSE,HOME
202110310htx,Houston Texans,22,31-10-2021,LOSE,HOME
202110310htx,Los Angeles Rams,38,31-10-2021,WIN,AWAY
202110310min,Minnesota Vikings,16,31-10-2021,LOSE,HOME
202110310min,Dallas Cowboys,20,31-10-2021,WIN,AWAY
202110310nor,Tampa Bay Buccaneers,27,31-10-2021,LOSE,AWAY
202110310nor,New Orleans Saints,36,31-10-2021,WIN,HOME
202110310nyj,Cincinnati Bengals,31,31-10-2021,LOSE,AWAY
202110310nyj,New York Jets,34,31-10-2021,WIN,HOME
202110310sdg,Los Angeles Chargers,24,31-10-2021,LOSE,HOME
202110310sdg,New England Patriots,27,31-10-2021,WIN,AWAY
202110310sea,Jacksonville Jaguars,7,31-10-2021,LOSE,AWAY
202110310sea,Seattle Seahawks,31,31-10-2021,WIN,HOME
202111010kan,Kansas City Chiefs,20,01-11-2021,WIN,HOME
202111010kan,New York Giants,17,01-11-2021,LOSE,AWAY
202111040clt,New York Jets,30,04-11-2021,LOSE,AWAY
202111040clt,Indianapolis Colts,45,04-11-2021,WIN,HOME
202111070car,New England Patriots,24,07-11-2021,WIN,AWAY
202111070car,Carolina Panthers,6,07-11-2021,LOSE,HOME
202111070cin,Cleveland Browns,41,07-11-2021,WIN,AWAY
202111070cin,Cincinnati Bengals,16,07-11-2021,LOSE,HOME
202111070dal,Denver Broncos,30,07-11-2021,WIN,AWAY
202111070dal,Dallas Cowboys,16,07-11-2021,LOSE,HOME
202111070jax,Buffalo Bills,6,07-11-2021,LOSE,AWAY
202111070jax,Jacksonville Jaguars,9,07-11-2021,WIN,HOME
202111070kan,Kansas City Chiefs,13,07-11-2021,WIN,HOME
202111070kan,Green Bay Packers,7,07-11-2021,LOSE,AWAY
202111070mia,Houston Texans,9,07-11-2021,LOSE,AWAY
202111070mia,Miami Dolphins,17,07-11-2021,WIN,HOME
202111070nor,New Orleans Saints,25,07-11-2021,LOSE,HOME
202111070nor,Atlanta Falcons,27,07-11-2021,WIN,AWAY
202111070nyg,New York Giants,23,07-11-2021,WIN,HOME
202111070nyg,Las Vegas Raiders,16,07-11-2021,LOSE,AWAY
202111070phi,Los Angeles Chargers,27,07-11-2021,WIN,AWAY
202111070phi,Philadelphia Eagles,24,07-11-2021,LOSE,HOME
202111070ram,Tennessee Titans,28,07-11-2021,WIN,AWAY
202111070ram,Los Angeles Rams,16,07-11-2021,LOSE,HOME
202111070rav,Minnesota Vikings,31,07-11-2021,LOSE,AWAY
202111070rav,Baltimore Ravens,34,07-11-2021,WIN,HOME
202111070sfo,San Francisco 49ers,17,07-11-2021,LOSE,HOME
202111070sfo,Arizona Cardinals,31,07-11-2021,WIN,AWAY
202111080pit,Chicago Bears,27,08-11-2021,LOSE,AWAY
202111080pit,Pittsburgh Steelers,29,08-11-2021,WIN,HOME
202111110mia,Baltimore Ravens,10,11-11-2021,LOSE,AWAY
202111110mia,Miami Dolphins,22,11-11-2021,WIN,HOME
202111140clt,Jacksonville Jaguars,17,14-11-2021,LOSE,AWAY
202111140clt,Indianapolis Colts,23,14-11-2021,WIN,HOME
202111140crd,Carolina Panthers,34,14-11-2021,WIN,AWAY
202111140crd,Arizona Cardinals,10,14-11-2021,LOSE,HOME
202111140dal,Dallas Cowboys,43,14-11-2021,WIN,HOME
202111140dal,Atlanta Falcons,3,14-11-2021,LOSE,AWAY
202111140den,Philadelphia Eagles,30,14-11-2021,WIN,AWAY
202111140den,Denver Broncos,13,14-11-2021,LOSE,HOME
202111140gnb,Green Bay Packers,17,14-11-2021,WIN,HOME
202111140gnb,Seattle Seahawks,0,14-11-2021,LOSE,AWAY
202111140nwe,Cleveland Browns,7,14-11-2021,LOSE,AWAY
202111140nwe,New England Patriots,45,14-11-2021,WIN,HOME
202111140nyj,Buffalo Bills,45,14-11-2021,WIN,AWAY
202111140nyj,New York Jets,17,14-11-2021,LOSE,HOME
202111140oti,Tennessee Titans,23,14-11-2021,WIN,HOME
202111140oti,New Orleans Saints,21,14-11-2021,LOSE,AWAY
202111140pit,Detroit Lions,16,14-11-2021,DRAW,AWAY
202111140pit,Pittsburgh Steelers,16,14-11-2021,DRAW,HOME
202111140rai,Las Vegas Raiders,14,14-11-2021,LOSE,HOME
202111140rai,Kansas City Chiefs,41,14-11-2021,WIN,AWAY
202111140sdg,Minnesota Vikings,27,14-11-2021,WIN,AWAY
202111140sdg,Los Angeles Chargers,20,14-11-2021,LOSE,HOME
202111140was,Tampa Bay Buccaneers,19,14-11-2021,LOSE,AWAY
202111140was,Washington Football Team,29,14-11-2021,WIN,HOME
202111150sfo,Los Angeles Rams,10,15-11-2021,LOSE,AWAY
202111150sfo,San Francisco 49ers,31,15-11-2021,WIN,HOME
202111180atl,New England Patriots,25,18-11-2021,WIN,AWAY
202111180atl,Atlanta Falcons,0,18-11-2021,LOSE,HOME
202111210buf,Buffalo Bills,15,21-11-2021,LOSE,HOME
202111210buf,Indianapolis Colts,41,21-11-2021,WIN,AWAY
202111210car,Carolina Panthers,21,21-11-2021,LOSE,HOME
202111210car,Washington Football Team,27,21-11-2021,WIN,AWAY
202111210chi,Baltimore Ravens,16,21-11-2021,WIN,AWAY
202111210chi,Chicago Bears,13,21-11-2021,LOSE,HOME
202111210cle,Cleveland Browns,13,21-11-2021,WIN,HOME
202111210cle,Detroit Lions,10,21-11-2021,LOSE,AWAY
202111210jax,San Francisco 49ers,30,21-11-2021,WIN,AWAY
202111210jax,Jacksonville Jaguars,10,21-11-2021,LOSE,HOME
202111210kan,Kansas City Chiefs,19,21-11-2021,WIN,HOME
202111210kan,Dallas Cowboys,9,21-11-2021,LOSE,AWAY
202111210min,Green Bay Packers,31,21-11-2021,LOSE,AWAY
202111210min,Minnesota Vikings,34,21-11-2021,WIN,HOME
202111210nyj,New York Jets,17,21-11-2021,LOSE,HOME
202111210nyj,Miami Dolphins,24,21-11-2021,WIN,AWAY
202111210oti,Tennessee Titans,13,21-11-2021,LOSE,HOME
202111210oti,Houston Texans,22,21-11-2021,WIN,AWAY
202111210phi,New Orleans Saints,29,21-11-2021,LOSE,AWAY
202111210phi,Philadelphia Eagles,40,21-11-2021,WIN,HOME
202111210rai,Cincinnati Bengals,32,21-11-2021,WIN,AWAY
202111210rai,Las Vegas Raiders,13,21-11-2021,LOSE,HOME
202111210sdg,Pittsburgh Steelers,37,21-11-2021,LOSE,AWAY
202111210sdg,Los Angeles Chargers,41,21-11-2021,WIN,HOME
202111210sea,Arizona Cardinals,23,21-11-2021,WIN,AWAY
202111210sea,Seattle Seahawks,13,21-11-2021,LOSE,HOME
202111220tam,New York Giants,10,22-11-2021,LOSE,AWAY
202111220tam,Tampa Bay Buccaneers,30,22-11-2021,WIN,HOME
202111250dal,Las Vegas Raiders,36,25-11-2021,WIN,AWAY
202111250dal,Dallas Cowboys,33,25-11-2021,LOSE,HOME
202111250det,Chicago Bears,16,25-11-2021,WIN,AWAY
202111250det,Detroit Lions,14,25-11-2021,LOSE,HOME
202111250nor,Buffalo Bills,31,25-11-2021,WIN,AWAY
202111250nor,New Orleans Saints,6,25-11-2021,LOSE,HOME
202111280cin,Cincinnati Bengals,41,28-11-2021,WIN,HOME
202111280cin,Pittsburgh Steelers,10,28-11-2021,LOSE,AWAY
202111280clt,Indianapolis Colts,31,28-11-2021,LOSE,HOME
202111280clt,Tampa Bay Buccaneers,38,28-11-2021,WIN,AWAY
202111280den,Los Angeles Chargers,13,28-11-2021,LOSE,AWAY
202111280den,Denver Broncos,28,28-11-2021,WIN,HOME
202111280gnb,Green Bay Packers,36,28-11-2021,WIN,HOME
202111280gnb,Los Angeles Rams,28,28-11-2021,LOSE,AWAY
202111280htx,Houston Texans,14,28-11-2021,LOSE,HOME
202111280htx,New York Jets,21,28-11-2021,WIN,AWAY
202111280jax,Jacksonville Jaguars,14,28-11-2021,LOSE,HOME
202111280jax,Atlanta Falcons,21,28-11-2021,WIN,AWAY
202111280mia,Miami Dolphins,33,28-11-2021,WIN,HOME
202111280mia,Carolina Panthers,10,28-11-2021,LOSE,AWAY
202111280nwe,New England Patriots,36,28-11-2021,WIN,HOME
202111280nwe,Tennessee Titans,13,28-11-2021,LOSE,AWAY
202111280nyg,New York Giants,13,28-11-2021,WIN,HOME
202111280nyg,Philadelphia Eagles,7,28-11-2021,LOSE,AWAY
202111280rav,Baltimore Ravens,16,28-11-2021,WIN,HOME
202111280rav,Cleveland Browns,10,28-11-2021,LOSE,AWAY
202111280sfo,San Francisco 49ers,34,28-11-2021,WIN,HOME
202111280sfo,Minnesota Vikings,26,28-11-2021,LOSE,AWAY
202111290was,Washington Football Team,17,29-11-2021,WIN,HOME
202111290was,Seattle Seahawks,15,29-11-2021,LOSE,AWAY
202112020nor,Dallas Cowboys,27,02-12-2021,WIN,AWAY
202112020nor,New Orleans Saints,17,02-12-2021,LOSE,HOME
202112050atl,Tampa Bay Buccaneers,30,05-12-2021,WIN,AWAY
202112050atl,Atlanta Falcons,17,05-12-2021,LOSE,HOME
202112050chi,Arizona Cardinals,33,05-12-2021,WIN,AWAY
202112050chi,Chicago Bears,22,05-12-2021,LOSE,HOME
202112050cin,Los Angeles Chargers,41,05-12-2021,WIN,AWAY
202112050cin,Cincinnati Bengals,22,05-12-2021,LOSE,HOME
202112050det,Detroit Lions,29,05-12-2021,WIN,HOME
202112050det,Minnesota Vikings,27,05-12-2021,LOSE,AWAY
202112050htx,Houston Texans,0,05-12-2021,LOSE,HOME
202112050htx,Indianapolis Colts,31,05-12-2021,WIN,AWAY
202112050kan,Kansas City Chiefs,22,05-12-2021,WIN,HOME
202112050kan,Denver Broncos,9,05-12-2021,LOSE,AWAY
202112050mia,New York Giants,9,05-12-2021,LOSE,AWAY
202112050mia,Miami Dolphins,20,05-12-2021,WIN,HOME
202112050nyj,Philadelphia Eagles,33,05-12-2021,WIN,AWAY
202112050nyj,New York Jets,18,05-12-2021,LOSE,HOME
202112050pit,Pittsburgh Steelers,20,05-12-2021,WIN,HOME
202112050pit,Baltimore Ravens,19,05-12-2021,LOSE,AWAY
202112050rai,Las Vegas Raiders,15,05-12-2021,LOSE,HOME
202112050rai,Washington Football Team,17,05-12-2021,WIN,AWAY
202112050ram,Los Angeles Rams,37,05-12-2021,WIN,HOME
202112050ram,Jacksonville Jaguars,7,05-12-2021,LOSE,AWAY
202112050sea,Seattle Seahawks,30,05-12-2021,WIN,HOME
202112050sea,San Francisco 49ers,23,05-12-2021,LOSE,AWAY
202112060buf,Buffalo Bills,10,06-12-2021,LOSE,HOME
202112060buf,New England Patriots,14,06-12-2021,WIN,AWAY
202112090min,Minnesota Vikings,36,09-12-2021,WIN,HOME
202112090min,Pittsburgh Steelers,28,09-12-2021,LOSE,AWAY
202112120car,Atlanta Falcons,29,12-12-2021,WIN,AWAY
202112120car,Carolina Panthers,21,12-12-2021,LOSE,HOME
202112120cin,San Francisco 49ers,26,12-12-2021,WIN,AWAY
202112120cin,Cincinnati Bengals,23,12-12-2021,LOSE,HOME
202112120cle,Cleveland Browns,24,12-12-2021,WIN,HOME
202112120cle,Baltimore Ravens,22,12-12-2021,LOSE,AWAY
202112120den,Denver Broncos,38,12-12-2021,WIN,HOME
202112120den,Detroit Lions,10,12-12-2021,LOSE,AWAY
202112120gnb,Chicago Bears,30,12-12-2021,LOSE,AWAY
202112120gnb,Green Bay Packers,45,12-12-2021,WIN,HOME
202112120htx,Seattle Seahawks,33,12-12-2021,WIN,AWAY
202112120htx,Houston Texans,13,12-12-2021,LOSE,HOME
202112120kan,Las Vegas Raiders,9,12-12-2021,LOSE,AWAY
202112120kan,Kansas City Chiefs,48,12-12-2021,WIN,HOME
202112120nyj,New York Jets,9,12-12-2021,LOSE,HOME
202112120nyj,New Orleans Saints,30,12-12-2021,WIN,AWAY
202112120oti,Jacksonville Jaguars,0,12-12-2021,LOSE,AWAY
202112120oti,Tennessee Titans,20,12-12-2021,WIN,HOME
202112120sdg,New York Giants,21,12-12-2021,LOSE,AWAY
202112120sdg,Los Angeles Chargers,37,12-12-2021,WIN,HOME
202112120tam,Tampa Bay Buccaneers,33,12-12-2021,WIN,HOME
202112120tam,Buffalo Bills,27,12-12-2021,LOSE,AWAY
202112120was,Dallas Cowboys,27,12-12-2021,WIN,AWAY
202112120was,Washington Football Team,20,12-12-2021,LOSE,HOME
202112130crd,Los Angeles Rams,30,13-12-2021,WIN,AWAY
202112130crd,Arizona Cardinals,23,13-12-2021,LOSE,HOME
202112160sdg,Los Angeles Chargers,28,16-12-2021,LOSE,HOME
202112160sdg,Kansas City Chiefs,34,16-12-2021,WIN,AWAY
202112180clt,New England Patriots,17,18-12-2021,LOSE,AWAY
202112180clt,Indianapolis Colts,27,18-12-2021,WIN,HOME
202112190buf,Carolina Panthers,14,19-12-2021,LOSE,AWAY
202112190buf,Buffalo Bills,31,19-12-2021,WIN,HOME
202112190den,Cincinnati Bengals,15,19-12-2021,WIN,AWAY
202112190den,Denver Broncos,10,19-12-2021,LOSE,HOME
202112190det,Arizona Cardinals,12,19-12-2021,LOSE,AWAY
202112190det,Detroit Lions,30,19-12-2021,WIN,HOME
202112190jax,Houston Texans,30,19-12-2021,WIN,AWAY
202112190jax,Jacksonville Jaguars,16,19-12-2021,LOSE,HOME
202112190mia,Miami Dolphins,31,19-12-2021,WIN,HOME
202112190mia,New York Jets,24,19-12-2021,LOSE,AWAY
202112190nyg,New York Giants,6,19-12-2021,LOSE,HOME
202112190nyg,Dallas Cowboys,21,19-12-2021,WIN,AWAY
202112190pit,Pittsburgh Steelers,19,19-12-2021,WIN,HOME
202112190pit,Tennessee Titans,13,19-12-2021,LOSE,AWAY
202112190rav,Baltimore Ravens,30,19-12-2021,LOSE,HOME
202112190rav,Green Bay Packers,31,19-12-2021,WIN,AWAY
202112190sfo,Atlanta Falcons,13,19-12-2021,LOSE,AWAY
202112190sfo,San Francisco 49ers,31,19-12-2021,WIN,HOME
202112190tam,Tampa Bay Buccaneers,0,19-12-2021,LOSE,HOME
202112190tam,New Orleans Saints,9,19-12-2021,WIN,AWAY
202112200chi,Chicago Bears,9,20-12-2021,LOSE,HOME
202112200chi,Minnesota Vikings,17,20-12-2021,WIN,AWAY
202112200cle,Cleveland Browns,14,20-12-2021,LOSE,HOME
202112200cle,Las Vegas Raiders,16,20-12-2021,WIN,AWAY
202112210phi,Washington Football Team,17,21-12-2021,LOSE,AWAY
202112210phi,Philadelphia Eagles,27,21-12-2021,WIN,HOME
202112210ram,Seattle Seahawks,10,21-12-2021,LOSE,AWAY
202112210ram,Los Angeles Rams,20,21-12-2021,WIN,HOME
202112230oti,San Francisco 49ers,17,23-12-2021,LOSE,AWAY
202112230oti,Tennessee Titans,20,23-12-2021,WIN,HOME
202112250crd,Arizona Cardinals,16,25-12-2021,LOSE,HOME
202112250crd,Indianapolis Colts,22,25-12-2021,WIN,AWAY
202112250gnb,Cleveland Browns,22,25-12-2021,LOSE,AWAY
202112250gnb,Green Bay Packers,24,25-12-2021,WIN,HOME
202112260atl,Detroit Lions,16,26-12-2021,LOSE,AWAY
202112260atl,Atlanta Falcons,20,26-12-2021,WIN,HOME
202112260car,Carolina Panthers,6,26-12-2021,LOSE,HOME
202112260car,Tampa Bay Buccaneers,32,26-12-2021,WIN,AWAY
202112260cin,Baltimore Ravens,21,26-12-2021,LOSE,AWAY
202112260cin,Cincinnati Bengals,41,26-12-2021,WIN,HOME
202112260dal,Washington Football Team,14,26-12-2021,LOSE,AWAY
202112260dal,Dallas Cowboys,56,26-12-2021,WIN,HOME
202112260htx,Los Angeles Chargers,29,26-12-2021,LOSE,AWAY
202112260htx,Houston Texans,41,26-12-2021,WIN,HOME
202112260kan,Pittsburgh Steelers,10,26-12-2021,LOSE,AWAY
202112260kan,Kansas City Chiefs,36,26-12-2021,WIN,HOME
202112260min,Los Angeles Rams,30,26-12-2021,WIN,AWAY
202112260min,Minnesota Vikings,23,26-12-2021,LOSE,HOME
202112260nwe,New England Patriots,21,26-12-2021,LOSE,HOME
202112260nwe,Buffalo Bills,33,26-12-2021,WIN,AWAY
202112260nyj,New York Jets,26,26-12-2021,WIN,HOME
202112260nyj,Jacksonville Jaguars,21,26-12-2021,LOSE,AWAY
202112260phi,New York Giants,10,26-12-2021,LOSE,AWAY
202112260phi,Philadelphia Eagles,34,26-12-2021,WIN,HOME
202112260rai,Denver Broncos,13,26-12-2021,LOSE,AWAY
202112260rai,Las Vegas Raiders,17,26-12-2021,WIN,HOME
202112260sea,Chicago Bears,25,26-12-2021,WIN,AWAY
202112260sea,Seattle Seahawks,24,26-12-2021,LOSE,HOME
202112270nor,New Orleans Saints,3,27-12-2021,LOSE,HOME
202112270nor,Miami Dolphins,20,27-12-2021,WIN,AWAY
202201020buf,Buffalo Bills,29,02-01-2022,WIN,HOME
202201020buf,Atlanta Falcons,15,02-01-2022,LOSE,AWAY
202201020chi,New York Giants,3,02-01-2022,LOSE,AWAY
202201020chi,Chicago Bears,29,02-01-2022,WIN,HOME
202201020cin,Cincinnati Bengals,34,02-01-2022,WIN,HOME
202201020cin,Kansas City Chiefs,31,02-01-2022,LOSE,AWAY
202201020clt,Indianapolis Colts,20,02-01-2022,LOSE,HOME
202201020clt,Las Vegas Raiders,23,02-01-2022,WIN,AWAY
202201020dal,Dallas Cowboys,22,02-01-2022,LOSE,HOME
202201020dal,Arizona Cardinals,25,02-01-2022,WIN,AWAY
202201020gnb,Minnesota Vikings,10,02-01-2022,LOSE,AWAY
202201020gnb,Green Bay Packers,37,02-01-2022,WIN,HOME
202201020nor,New Orleans Saints,18,02-01-2022,WIN,HOME
202201020nor,Carolina Panthers,10,02-01-2022,LOSE,AWAY
202201020nwe,Jacksonville Jaguars,10,02-01-2022,LOSE,AWAY
202201020nwe,New England Patriots,50,02-01-2022,WIN,HOME
202201020nyj,New York Jets,24,02-01-2022,LOSE,HOME
202201020nyj,Tampa Bay Buccaneers,28,02-01-2022,WIN,AWAY
202201020oti,Miami Dolphins,3,02-01-2022,LOSE,AWAY
202201020oti,Tennessee Titans,34,02-01-2022,WIN,HOME
202201020rav,Baltimore Ravens,19,02-01-2022,LOSE,HOME
202201020rav,Los Angeles Rams,20,02-01-2022,WIN,AWAY
202201020sdg,Denver Broncos,13,02-01-2022,LOSE,AWAY
202201020sdg,Los Angeles Chargers,34,02-01-2022,WIN,HOME
202201020sea,Seattle Seahawks,51,02-01-2022,WIN,HOME
202201020sea,Detroit Lions,29,02-01-2022,LOSE,AWAY
202201020sfo,Houston Texans,7,02-01-2022,LOSE,AWAY
202201020sfo,San Francisco 49ers,23,02-01-2022,WIN,HOME
202201020was,Philadelphia Eagles,20,02-01-2022,WIN,AWAY
202201020was,Washington Football Team,16,02-01-2022,LOSE,HOME
202201030pit,Pittsburgh Steelers,26,03-01-2022,WIN,HOME
202201030pit,Cleveland Browns,14,03-01-2022,LOSE,AWAY
202201080den,Kansas City Chiefs,28,08-01-2022,WIN,AWAY
202201080den,Denver Broncos,24,08-01-2022,LOSE,HOME
202201080phi,Philadelphia Eagles,26,08-01-2022,LOSE,HOME
202201080phi,Dallas Cowboys,51,08-01-2022,WIN,AWAY
202201090atl,Atlanta Falcons,20,09-01-2022,LOSE,HOME
202201090atl,New Orleans Saints,30,09-01-2022,WIN,AWAY
202201090buf,Buffalo Bills,27,09-01-2022,WIN,HOME
202201090buf,New York Jets,10,09-01-2022,LOSE,AWAY
202201090cle,Cincinnati Bengals,16,09-01-2022,LOSE,AWAY
202201090cle,Cleveland Browns,21,09-01-2022,WIN,HOME
202201090crd,Seattle Seahawks,38,09-01-2022,WIN,AWAY
202201090crd,Arizona Cardinals,30,09-01-2022,LOSE,HOME
202201090det,Green Bay Packers,30,09-01-2022,LOSE,AWAY
202201090det,Detroit Lions,37,09-01-2022,WIN,HOME
202201090htx,Houston Texans,25,09-01-2022,LOSE,HOME
202201090htx,Tennessee Titans,28,09-01-2022,WIN,AWAY
202201090jax,Indianapolis Colts,11,09-01-2022,LOSE,AWAY
202201090jax,Jacksonville Jaguars,26,09-01-2022,WIN,HOME
202201090mia,New England Patriots,24,09-01-2022,LOSE,AWAY
202201090mia,Miami Dolphins,33,09-01-2022,WIN,HOME
202201090min,Chicago Bears,17,09-01-2022,LOSE,AWAY
202201090min,Minnesota Vikings,31,09-01-2022,WIN,HOME
202201090nyg,New York Giants,7,09-01-2022,LOSE,HOME
202201090nyg,Washington Football Team,22,09-01-2022,WIN,AWAY
202201090rai,Las Vegas Raiders,35,09-01-2022,WIN,HOME
202201090rai,Los Angeles Chargers,32,09-01-2022,LOSE,AWAY
202201090ram,Los Angeles Rams,24,09-01-2022,LOSE,HOME
202201090ram,San Francisco 49ers,27,09-01-2022,WIN,AWAY
202201090rav,Pittsburgh Steelers,16,09-01-2022,WIN,AWAY
202201090rav,Baltimore Ravens,13,09-01-2022,LOSE,HOME
202201090tam,Carolina Panthers,17,09-01-2022,LOSE,AWAY
202201090tam,Tampa Bay Buccaneers,41,09-01-2022,WIN,HOME
202201150buf,Buffalo Bills,47,15-01-2022,WIN,HOME
202201150buf,New England Patriots,17,15-01-2022,LOSE,AWAY
202201150cin,Las Vegas Raiders,19,15-01-2022,LOSE,AWAY
202201150cin,Cincinnati Bengals,26,15-01-2022,WIN,HOME
202201160dal,Dallas Cowboys,17,16-01-2022,LOSE,HOME
202201160dal,San Francisco 49ers,23,16-01-2022,WIN,AWAY
202201160kan,Kansas City Chiefs,42,16-01-2022,WIN,HOME
202201160kan,Pittsburgh Steelers,21,16-01-2022,LOSE,AWAY
202201160tam,Philadelphia Eagles,15,16-01-2022,LOSE,AWAY
202201160tam,Tampa Bay Buccaneers,31,16-01-2022,WIN,HOME
202201170ram,Los Angeles Rams,34,17-01-2022,WIN,HOME
202201170ram,Arizona Cardinals,11,17-01-2022,LOSE,AWAY
202201220gnb,Green Bay Packers,10,22-01-2022,LOSE,HOME
202201220gnb,San Francisco 49ers,13,22-01-2022,WIN,AWAY
202201220oti,Cincinnati Bengals,19,22-01-2022,WIN,AWAY
202201220oti,Tennessee Titans,16,22-01-2022,LOSE,HOME
202201230kan,Kansas City Chiefs,42,23-01-2022,WIN,HOME
202201230kan,Buffalo Bills,36,23-01-2022,LOSE,AWAY
202201230tam,Los Angeles Rams,30,23-01-2022,WIN,AWAY
202201230tam,Tampa Bay Buccaneers,27,23-01-2022,LOSE,HOME
202201300kan,Cincinnati Bengals,27,30-01-2022,WIN,AWAY
202201300kan,Kansas City Chiefs,24,30-01-2022,LOSE,HOME
202201300ram,Los Angeles Rams,20,30-01-2022,WIN,HOME
202201300ram,San Francisco 49ers,17,30-01-2022,LOSE,AWAY
202202130cin,Los Angeles Rams,23,13-02-2022,WIN,AWAY
202202130cin,Cincinnati Bengals,20,13-02-2022,LOSE,HOME
202209080ram,Buffalo Bills,31,08-09-2022,WIN,AWAY
202209080ram,Los Angeles Rams,10,08-09-2022,LOSE,HOME
202209110atl,Atlanta Falcons,26,11-09-2022,LOSE,HOME
202209110atl,New Orleans Saints,27,11-09-2022,WIN,AWAY
202209110car,Cleveland Browns,26,11-09-2022,WIN,AWAY
202209110car,Carolina Panthers,24,11-09-2022,LOSE,HOME
202209110chi,San Francisco 49ers,10,11-09-2022,LOSE,AWAY
202209110chi,Chicago Bears,19,11-09-2022,WIN,HOME
202209110cin,Pittsburgh Steelers,23,11-09-2022,WIN,AWAY
202209110cin,Cincinnati Bengals,20,11-09-2022,LOSE,HOME
202209110crd,Kansas City Chiefs,44,11-09-2022,WIN,AWAY
202209110crd,Arizona Cardinals,21,11-09-2022,LOSE,HOME
202209110dal,Dallas Cowboys,3,11-09-2022,LOSE,HOME
202209110dal,Tampa Bay Buccaneers,19,11-09-2022,WIN,AWAY
202209110det,Philadelphia Eagles,38,11-09-2022,WIN,AWAY
202209110det,Detroit Lions,35,11-09-2022,LOSE,HOME
202209110htx,Indianapolis Colts,20,11-09-2022,DRAW,AWAY
202209110htx,Houston Texans,20,11-09-2022,DRAW,HOME
202209110mia,Miami Dolphins,20,11-09-2022,WIN,HOME
202209110mia,New England Patriots,7,11-09-2022,LOSE,AWAY
202209110min,Green Bay Packers,7,11-09-2022,LOSE,AWAY
202209110min,Minnesota Vikings,23,11-09-2022,WIN,HOME
202209110nyj,Baltimore Ravens,24,11-09-2022,WIN,AWAY
202209110nyj,New York Jets,9,11-09-2022,LOSE,HOME
202209110oti,Tennessee Titans,20,11-09-2022,LOSE,HOME
202209110oti,New York Giants,21,11-09-2022,WIN,AWAY
202209110sdg,Los Angeles Chargers,24,11-09-2022,WIN,HOME
202209110sdg,Las Vegas Raiders,19,11-09-2022,LOSE,AWAY
202209110was,Jacksonville Jaguars,22,11-09-2022,LOSE,AWAY
202209110was,Washington Commanders,28,11-09-2022,WIN,HOME
202209120sea,Denver Broncos,16,12-09-2022,LOSE,AWAY
202209120sea,Seattle Seahawks,17,12-09-2022,WIN,HOME
202209150kan,Los Angeles Chargers,24,15-09-2022,LOSE,AWAY
202209150kan,Kansas City Chiefs,27,15-09-2022,WIN,HOME
202209180cle,New York Jets,31,18-09-2022,WIN,AWAY
202209180cle,Cleveland Browns,30,18-09-2022,LOSE,HOME
202209180dal,Dallas Cowboys,20,18-09-2022,WIN,HOME
202209180dal,Cincinnati Bengals,17,18-09-2022,LOSE,AWAY
202209180den,Houston Texans,9,18-09-2022,LOSE,AWAY
202209180den,Denver Broncos,16,18-09-2022,WIN,HOME
202209180det,Detroit Lions,36,18-09-2022,WIN,HOME
202209180det,Washington Commanders,27,18-09-2022,LOSE,AWAY
202209180gnb,Chicago Bears,10,18-09-2022,LOSE,AWAY
202209180gnb,Green Bay Packers,27,18-09-2022,WIN,HOME
202209180jax,Jacksonville Jaguars,24,18-09-2022,WIN,HOME
202209180jax,Indianapolis Colts,0,18-09-2022,LOSE,AWAY
202209180nor,Tampa Bay Buccaneers,20,18-09-2022,WIN,AWAY
202209180nor,New Orleans Saints,10,18-09-2022,LOSE,HOME
202209180nyg,Carolina Panthers,16,18-09-2022,LOSE,AWAY
202209180nyg,New York Giants,19,18-09-2022,WIN,HOME
202209180pit,Pittsburgh Steelers,14,18-09-2022,LOSE,HOME
202209180pit,New England Patriots,17,18-09-2022,WIN,AWAY
202209180rai,Arizona Cardinals,29,18-09-2022,WIN,AWAY
202209180rai,Las Vegas Raiders,23,18-09-2022,LOSE,HOME
202209180ram,Atlanta Falcons,27,18-09-2022,LOSE,AWAY
202209180ram,Los Angeles Rams,31,18-09-2022,WIN,HOME
202209180rav,Baltimore Ravens,38,18-09-2022,LOSE,HOME
202209180rav,Miami Dolphins,42,18-09-2022,WIN,AWAY
202209180sfo,San Francisco 49ers,27,18-09-2022,WIN,HOME
202209180sfo,Seattle Seahawks,7,18-09-2022,LOSE,AWAY
202209190buf,Buffalo Bills,41,19-09-2022,WIN,HOME
202209190buf,Tennessee Titans,7,19-09-2022,LOSE,AWAY
202209190phi,Philadelphia Eagles,24,19-09-2022,WIN,HOME
202209190phi,Minnesota Vikings,7,19-09-2022,LOSE,AWAY
202209220cle,Cleveland Browns,29,22-09-2022,WIN,HOME
202209220cle,Pittsburgh Steelers,17,22-09-2022,LOSE,AWAY
202209250car,Carolina Panthers,22,25-09-2022,WIN,HOME
202209250car,New Orleans Saints,14,25-09-2022,LOSE,AWAY
202209250chi,Houston Texans,20,25-09-2022,LOSE,AWAY
202209250chi,Chicago Bears,23,25-09-2022,WIN,HOME
202209250clt,Indianapolis Colts,20,25-09-2022,WIN,HOME
202209250clt,Kansas City Chiefs,17,25-09-2022,LOSE,AWAY
202209250crd,Arizona Cardinals,12,25-09-2022,LOSE,HOME
202209250crd,Los Angeles Rams,20,25-09-2022,WIN,AWAY
202209250den,San Francisco 49ers,10,25-09-2022,LOSE,AWAY
202209250den,Denver Broncos,11,25-09-2022,WIN,HOME
202209250mia,Buffalo Bills,19,25-09-2022,LOSE,AWAY
202209250mia,Miami Dolphins,21,25-09-2022,WIN,HOME
202209250min,Detroit Lions,24,25-09-2022,LOSE,AWAY
202209250min,Minnesota Vikings,28,25-09-2022,WIN,HOME
202209250nwe,Baltimore Ravens,37,25-09-2022,WIN,AWAY
202209250nwe,New England Patriots,26,25-09-2022,LOSE,HOME
202209250nyj,Cincinnati Bengals,27,25-09-2022,WIN,AWAY
202209250nyj,New York Jets,12,25-09-2022,LOSE,HOME
202209250oti,Tennessee Titans,24,25-09-2022,WIN,HOME
202209250oti,Las Vegas Raiders,22,25-09-2022,LOSE,AWAY
202209250sdg,Jacksonville Jaguars,38,25-09-2022,WIN,AWAY
202209250sdg,Los Angeles Chargers,10,25-09-2022,LOSE,HOME
202209250sea,Atlanta Falcons,27,25-09-2022,WIN,AWAY
202209250sea,Seattle Seahawks,23,25-09-2022,LOSE,HOME
202209250tam,Green Bay Packers,14,25-09-2022,WIN,AWAY
202209250tam,Tampa Bay Buccaneers,12,25-09-2022,LOSE,HOME
202209250was,Philadelphia Eagles,24,25-09-2022,WIN,AWAY
202209250was,Washington Commanders,8,25-09-2022,LOSE,HOME
202209260nyg,Dallas Cowboys,23,26-09-2022,WIN,AWAY
202209260nyg,New York Giants,16,26-09-2022,LOSE,HOME
202209290cin,Miami Dolphins,15,29-09-2022,LOSE,AWAY
202209290cin,Cincinnati Bengals,27,29-09-2022,WIN,HOME
202210020atl,Cleveland Browns,20,02-10-2022,LOSE,AWAY
202210020atl,Atlanta Falcons,23,02-10-2022,WIN,HOME
202210020car,Carolina Panthers,16,02-10-2022,LOSE,HOME
202210020car,Arizona Cardinals,26,02-10-2022,WIN,AWAY
202210020clt,Tennessee Titans,24,02-10-2022,WIN,AWAY
202210020clt,Indianapolis Colts,17,02-10-2022,LOSE,HOME
202210020dal,Washington Commanders,10,02-10-2022,LOSE,AWAY
202210020dal,Dallas Cowboys,25,02-10-2022,WIN,HOME
202210020det,Detroit Lions,45,02-10-2022,LOSE,HOME
202210020det,Seattle Seahawks,48,02-10-2022,WIN,AWAY
202210020gnb,New England Patriots,24,02-10-2022,LOSE,AWAY
202210020gnb,Green Bay Packers,27,02-10-2022,WIN,HOME
202210020htx,Los Angeles Chargers,34,02-10-2022,WIN,AWAY
202210020htx,Houston Texans,24,02-10-2022,LOSE,HOME
202210020nor,Minnesota Vikings,28,02-10-2022,WIN,AWAY
202210020nor,New Orleans Saints,25,02-10-2022,LOSE,HOME
202210020nyg,Chicago Bears,12,02-10-2022,LOSE,AWAY
202210020nyg,New York Giants,20,02-10-2022,WIN,HOME
202210020phi,Philadelphia Eagles,29,02-10-2022,WIN,HOME
202210020phi,Jacksonville Jaguars,21,02-10-2022,LOSE,AWAY
202210020pit,New York Jets,24,02-10-2022,WIN,AWAY
202210020pit,Pittsburgh Steelers,20,02-10-2022,LOSE,HOME
202210020rai,Denver Broncos,23,02-10-2022,LOSE,AWAY
202210020rai,Las Vegas Raiders,32,02-10-2022,WIN,HOME
202210020rav,Baltimore Ravens,20,02-10-2022,LOSE,HOME
202210020rav,Buffalo Bills,23,02-10-2022,WIN,AWAY
202210020tam,Kansas City Chiefs,41,02-10-2022,WIN,AWAY
202210020tam,Tampa Bay Buccaneers,31,02-10-2022,LOSE,HOME
202210030sfo,San Francisco 49ers,24,03-10-2022,WIN,HOME
202210030sfo,Los Angeles Rams,9,03-10-2022,LOSE,AWAY
202210060den,Denver Broncos,9,06-10-2022,LOSE,HOME
202210060den,Indianapolis Colts,12,06-10-2022,WIN,AWAY
202210090buf,Buffalo Bills,38,09-10-2022,WIN,HOME
202210090buf,Pittsburgh Steelers,3,09-10-2022,LOSE,AWAY
202210090car,San Francisco 49ers,37,09-10-2022,WIN,AWAY
202210090car,Carolina Panthers,15,09-10-2022,LOSE,HOME
202210090cle,Cleveland Browns,28,09-10-2022,LOSE,HOME
202210090cle,Los Angeles Chargers,30,09-10-2022,WIN,AWAY
202210090crd,Philadelphia Eagles,20,09-10-2022,WIN,AWAY
202210090crd,Arizona Cardinals,17,09-10-2022,LOSE,HOME
202210090gnb,New York Giants,27,09-10-2022,WIN,AWAY
202210090gnb,Green Bay Packers,22,09-10-2022,LOSE,HOME
202210090jax,Houston Texans,13,09-10-2022,WIN,AWAY
202210090jax,Jacksonville Jaguars,6,09-10-2022,LOSE,HOME
202210090min,Chicago Bears,22,09-10-2022,LOSE,AWAY
202210090min,Minnesota Vikings,29,09-10-2022,WIN,HOME
202210090nor,Seattle Seahawks,32,09-10-2022,LOSE,AWAY
202210090nor,New Orleans Saints,39,09-10-2022,WIN,HOME
202210090nwe,New England Patriots,29,09-10-2022,WIN,HOME
202210090nwe,Detroit Lions,0,09-10-2022,LOSE,AWAY
202210090nyj,Miami Dolphins,17,09-10-2022,LOSE,AWAY
202210090nyj,New York Jets,40,09-10-2022,WIN,HOME
202210090ram,Dallas Cowboys,22,09-10-2022,WIN,AWAY
202210090ram,Los Angeles Rams,10,09-10-2022,LOSE,HOME
202210090rav,Cincinnati Bengals,17,09-10-2022,LOSE,AWAY
202210090rav,Baltimore Ravens,19,09-10-2022,WIN,HOME
202210090tam,Atlanta Falcons,15,09-10-2022,LOSE,AWAY
202210090tam,Tampa Bay Buccaneers,21,09-10-2022,WIN,HOME
202210090was,Tennessee Titans,21,09-10-2022,WIN,AWAY
202210090was,Washington Commanders,17,09-10-2022,LOSE,HOME
202210100kan,Kansas City Chiefs,30,10-10-2022,WIN,HOME
202210100kan,Las Vegas Raiders,29,10-10-2022,LOSE,AWAY
202210130chi,Chicago Bears,7,13-10-2022,LOSE,HOME
202210130chi,Washington Commanders,12,13-10-2022,WIN,AWAY
202210160atl,Atlanta Falcons,28,16-10-2022,WIN,HOME
202210160atl,San Francisco 49ers,14,16-10-2022,LOSE,AWAY
202210160cle,New England Patriots,38,16-10-2022,WIN,AWAY
202210160cle,Cleveland Browns,15,16-10-2022,LOSE,HOME
202210160clt,Indianapolis Colts,34,16-10-2022,WIN,HOME
202210160clt,Jacksonville Jaguars,27,16-10-2022,LOSE,AWAY
202210160gnb,New York Jets,27,16-10-2022,WIN,AWAY
202210160gnb,Green Bay Packers,10,16-10-2022,LOSE,HOME
202210160kan,Kansas City Chiefs,20,16-10-2022,LOSE,HOME
202210160kan,Buffalo Bills,24,16-10-2022,WIN,AWAY
202210160mia,Miami Dolphins,16,16-10-2022,LOSE,HOME
202210160mia,Minnesota Vikings,24,16-10-2022,WIN,AWAY
202210160nor,Cincinnati Bengals,30,16-10-2022,WIN,AWAY
202210160nor,New Orleans Saints,26,16-10-2022,LOSE,HOME
202210160nyg,Baltimore Ravens,20,16-10-2022,LOSE,AWAY
202210160nyg,New York Giants,24,16-10-2022,WIN,HOME
202210160phi,Dallas Cowboys,17,16-10-2022,LOSE,AWAY
202210160phi,Philadelphia Eagles,26,16-10-2022,WIN,HOME
202210160pit,Tampa Bay Buccaneers,18,16-10-2022,LOSE,AWAY
202210160pit,Pittsburgh Steelers,20,16-10-2022,WIN,HOME
202210160ram,Carolina Panthers,10,16-10-2022,LOSE,AWAY
202210160ram,Los Angeles Rams,24,16-10-2022,WIN,HOME
202210160sea,Arizona Cardinals,9,16-10-2022,LOSE,AWAY
202210160sea,Seattle Seahawks,19,16-10-2022,WIN,HOME
202210170sdg,Denver Broncos,16,17-10-2022,LOSE,AWAY
202210170sdg,Los Angeles Chargers,19,17-10-2022,WIN,HOME
202210200crd,Arizona Cardinals,42,20-10-2022,WIN,HOME
202210200crd,New Orleans Saints,34,20-10-2022,LOSE,AWAY
202210230car,Carolina Panthers,21,23-10-2022,WIN,HOME
202210230car,Tampa Bay Buccaneers,3,23-10-2022,LOSE,AWAY
202210230cin,Atlanta Falcons,17,23-10-2022,LOSE,AWAY
202210230cin,Cincinnati Bengals,35,23-10-2022,WIN,HOME
202210230dal,Dallas Cowboys,24,23-10-2022,WIN,HOME
202210230dal,Detroit Lions,6,23-10-2022,LOSE,AWAY
202210230den,Denver Broncos,9,23-10-2022,LOSE,HOME
202210230den,New York Jets,16,23-10-2022,WIN,AWAY
202210230jax,Jacksonville Jaguars,17,23-10-2022,LOSE,HOME
202210230jax,New York Giants,23,23-10-2022,WIN,AWAY
202210230mia,Pittsburgh Steelers,10,23-10-2022,LOSE,AWAY
202210230mia,Miami Dolphins,16,23-10-2022,WIN,HOME
202210230oti,Indianapolis Colts,10,23-10-2022,LOSE,AWAY
202210230oti,Tennessee Titans,19,23-10-2022,WIN,HOME
202210230rai,Las Vegas Raiders,38,23-10-2022,WIN,HOME
202210230rai,Houston Texans,20,23-10-2022,LOSE,AWAY
202210230rav,Cleveland Browns,20,23-10-2022,LOSE,AWAY
202210230rav,Baltimore Ravens,23,23-10-2022,WIN,HOME
202210230sdg,Los Angeles Chargers,23,23-10-2022,LOSE,HOME
202210230sdg,Seattle Seahawks,37,23-10-2022,WIN,AWAY
202210230sfo,San Francisco 49ers,23,23-10-2022,LOSE,HOME
202210230sfo,Kansas City Chiefs,44,23-10-2022,WIN,AWAY
202210230was,Washington Commanders,23,23-10-2022,WIN,HOME
202210230was,Green Bay Packers,21,23-10-2022,LOSE,AWAY
202210240nwe,Chicago Bears,33,24-10-2022,WIN,AWAY
202210240nwe,New England Patriots,14,24-10-2022,LOSE,HOME
202210270tam,Tampa Bay Buccaneers,22,27-10-2022,LOSE,HOME
202210270tam,Baltimore Ravens,27,27-10-2022,WIN,AWAY
202210300atl,Carolina Panthers,34,30-10-2022,LOSE,AWAY
202210300atl,Atlanta Falcons,37,30-10-2022,WIN,HOME
202210300buf,Green Bay Packers,17,30-10-2022,LOSE,AWAY
202210300buf,Buffalo Bills,27,30-10-2022,WIN,HOME
202210300clt,Indianapolis Colts,16,30-10-2022,LOSE,HOME
202210300clt,Washington Commanders,17,30-10-2022,WIN,AWAY
202210300dal,Dallas Cowboys,49,30-10-2022,WIN,HOME
202210300dal,Chicago Bears,29,30-10-2022,LOSE,AWAY
202210300det,Miami Dolphins,31,30-10-2022,WIN,AWAY
202210300det,Detroit Lions,27,30-10-2022,LOSE,HOME
202210300htx,Houston Texans,10,30-10-2022,LOSE,HOME
202210300htx,Tennessee Titans,17,30-10-2022,WIN,AWAY
202210300jax,Jacksonville Jaguars,17,30-10-2022,LOSE,HOME
202210300jax,Denver Broncos,21,30-10-2022,WIN,AWAY
202210300min,Arizona Cardinals,26,30-10-2022,LOSE,AWAY
202210300min,Minnesota Vikings,34,30-10-2022,WIN,HOME
202210300nor,New Orleans Saints,24,30-10-2022,WIN,HOME
202210300nor,Las Vegas Raiders,0,30-10-2022,LOSE,AWAY
202210300nyj,New England Patriots,22,30-10-2022,WIN,AWAY
202210300nyj,New York Jets,17,30-10-2022,LOSE,HOME
202210300phi,Philadelphia Eagles,35,30-10-2022,WIN,HOME
202210300phi,Pittsburgh Steelers,13,30-10-2022,LOSE,AWAY
202210300ram,Los Angeles Rams,14,30-10-2022,LOSE,HOME
202210300ram,San Francisco 49ers,31,30-10-2022,WIN,AWAY
202210300sea,New York Giants,13,30-10-2022,LOSE,AWAY
202210300sea,Seattle Seahawks,27,30-10-2022,WIN,HOME
202210310cle,Cincinnati Bengals,13,31-10-2022,LOSE,AWAY
202210310cle,Cleveland Browns,32,31-10-2022,WIN,HOME
202211030htx,Houston Texans,17,03-11-2022,LOSE,HOME
202211030htx,Philadelphia Eagles,29,03-11-2022,WIN,AWAY
202211060atl,Los Angeles Chargers,20,06-11-2022,WIN,AWAY
202211060atl,Atlanta Falcons,17,06-11-2022,LOSE,HOME
202211060chi,Chicago Bears,32,06-11-2022,LOSE,HOME
202211060chi,Miami Dolphins,35,06-11-2022,WIN,AWAY
202211060cin,Carolina Panthers,21,06-11-2022,LOSE,AWAY
202211060cin,Cincinnati Bengals,42,06-11-2022,WIN,HOME
202211060crd,Arizona Cardinals,21,06-11-2022,LOSE,HOME
202211060crd,Seattle Seahawks,31,06-11-2022,WIN,AWAY
202211060det,Detroit Lions,15,06-11-2022,WIN,HOME
202211060det,Green Bay Packers,9,06-11-2022,LOSE,AWAY
202211060jax,Jacksonville Jaguars,27,06-11-2022,WIN,HOME
202211060jax,Las Vegas Raiders,20,06-11-2022,LOSE,AWAY
202211060kan,Kansas City Chiefs,20,06-11-2022,WIN,HOME
202211060kan,Tennessee Titans,17,06-11-2022,LOSE,AWAY
202211060nwe,Indianapolis Colts,3,06-11-2022,LOSE,AWAY
202211060nwe,New England Patriots,26,06-11-2022,WIN,HOME
202211060nyj,New York Jets,20,06-11-2022,WIN,HOME
202211060nyj,Buffalo Bills,17,06-11-2022,LOSE,AWAY
202211060tam,Los Angeles Rams,13,06-11-2022,LOSE,AWAY
202211060tam,Tampa Bay Buccaneers,16,06-11-2022,WIN,HOME
202211060was,Minnesota Vikings,20,06-11-2022,WIN,AWAY
202211060was,Washington Commanders,17,06-11-2022,LOSE,HOME
202211070nor,Baltimore Ravens,27,07-11-2022,WIN,AWAY
202211070nor,New Orleans Saints,13,07-11-2022,LOSE,HOME
202211100car,Carolina Panthers,25,10-11-2022,WIN,HOME
202211100car,Atlanta Falcons,15,10-11-2022,LOSE,AWAY
202211130buf,Minnesota Vikings,33,13-11-2022,WIN,AWAY
202211130buf,Buffalo Bills,30,13-11-2022,LOSE,HOME
202211130chi,Chicago Bears,30,13-11-2022,LOSE,HOME
202211130chi,Detroit Lions,31,13-11-2022,WIN,AWAY
202211130gnb,Dallas Cowboys,28,13-11-2022,LOSE,AWAY
202211130gnb,Green Bay Packers,31,13-11-2022,WIN,HOME
202211130kan,Jacksonville Jaguars,17,13-11-2022,LOSE,AWAY
202211130kan,Kansas City Chiefs,27,13-11-2022,WIN,HOME
202211130mia,Cleveland Browns,17,13-11-2022,LOSE,AWAY
202211130mia,Miami Dolphins,39,13-11-2022,WIN,HOME
202211130nyg,Houston Texans,16,13-11-2022,LOSE,AWAY
202211130nyg,New York Giants,24,13-11-2022,WIN,HOME
202211130oti,Denver Broncos,10,13-11-2022,LOSE,AWAY
202211130oti,Tennessee Titans,17,13-11-2022,WIN,HOME
202211130pit,Pittsburgh Steelers,20,13-11-2022,WIN,HOME
202211130pit,New Orleans Saints,10,13-11-2022,LOSE,AWAY
202211130rai,Indianapolis Colts,25,13-11-2022,WIN,AWAY
202211130rai,Las Vegas Raiders,20,13-11-2022,LOSE,HOME
202211130ram,Los Angeles Rams,17,13-11-2022,LOSE,HOME
202211130ram,Arizona Cardinals,27,13-11-2022,WIN,AWAY
202211130sfo,San Francisco 49ers,22,13-11-2022,WIN,HOME
202211130sfo,Los Angeles Chargers,16,13-11-2022,LOSE,AWAY
202211130tam,Seattle Seahawks,16,13-11-2022,LOSE,AWAY
202211130tam,Tampa Bay Buccaneers,21,13-11-2022,WIN,HOME
202211140phi,Washington Commanders,32,14-11-2022,WIN,AWAY
202211140phi,Philadelphia Eagles,21,14-11-2022,LOSE,HOME
202211170gnb,Tennessee Titans,27,17-11-2022,WIN,AWAY
202211170gnb,Green Bay Packers,17,17-11-2022,LOSE,HOME
202211200atl,Atlanta Falcons,27,20-11-2022,WIN,HOME
202211200atl,Chicago Bears,24,20-11-2022,LOSE,AWAY
202211200buf,Cleveland Browns,23,20-11-2022,LOSE,AWAY
202211200buf,Buffalo Bills,31,20-11-2022,WIN,HOME
202211200clt,Philadelphia Eagles,17,20-11-2022,WIN,AWAY
202211200clt,Indianapolis Colts,16,20-11-2022,LOSE,HOME
202211200den,Las Vegas Raiders,22,20-11-2022,WIN,AWAY
202211200den,Denver Broncos,16,20-11-2022,LOSE,HOME
202211200htx,Washington Commanders,23,20-11-2022,WIN,AWAY
202211200htx,Houston Texans,10,20-11-2022,LOSE,HOME
202211200min,Minnesota Vikings,3,20-11-2022,LOSE,HOME
202211200min,Dallas Cowboys,40,20-11-2022,WIN,AWAY
202211200nor,New Orleans Saints,27,20-11-2022,WIN,HOME
202211200nor,Los Angeles Rams,20,20-11-2022,LOSE,AWAY
202211200nwe,New England Patriots,10,20-11-2022,WIN,HOME
202211200nwe,New York Jets,3,20-11-2022,LOSE,AWAY
202211200nyg,Detroit Lions,31,20-11-2022,WIN,AWAY
202211200nyg,New York Giants,18,20-11-2022,LOSE,HOME
202211200pit,Cincinnati Bengals,37,20-11-2022,WIN,AWAY
202211200pit,Pittsburgh Steelers,30,20-11-2022,LOSE,HOME
202211200rav,Carolina Panthers,3,20-11-2022,LOSE,AWAY
202211200rav,Baltimore Ravens,13,20-11-2022,WIN,HOME
202211200sdg,Los Angeles Chargers,27,20-11-2022,LOSE,HOME
202211200sdg,Kansas City Chiefs,30,20-11-2022,WIN,AWAY
202211210crd,San Francisco 49ers,38,21-11-2022,WIN,AWAY
202211210crd,Arizona Cardinals,10,21-11-2022,LOSE,HOME
202211240dal,Dallas Cowboys,28,24-11-2022,WIN,HOME
202211240dal,New York Giants,20,24-11-2022,LOSE,AWAY
202211240det,Buffalo Bills,28,24-11-2022,WIN,AWAY
202211240det,Detroit Lions,25,24-11-2022,LOSE,HOME
202211240min,Minnesota Vikings,33,24-11-2022,WIN,HOME
202211240min,New England Patriots,26,24-11-2022,LOSE,AWAY
202211270car,Carolina Panthers,23,27-11-2022,WIN,HOME
202211270car,Denver Broncos,10,27-11-2022,LOSE,AWAY
202211270cle,Cleveland Browns,23,27-11-2022,WIN,HOME
202211270cle,Tampa Bay Buccaneers,17,27-11-2022,LOSE,AWAY
202211270crd,Arizona Cardinals,24,27-11-2022,LOSE,HOME
202211270crd,Los Angeles Chargers,25,27-11-2022,WIN,AWAY
202211270jax,Jacksonville Jaguars,28,27-11-2022,WIN,HOME
202211270jax,Baltimore Ravens,27,27-11-2022,LOSE,AWAY
202211270kan,Kansas City Chiefs,26,27-11-2022,WIN,HOME
202211270kan,Los Angeles Rams,10,27-11-2022,LOSE,AWAY
202211270mia,Miami Dolphins,30,27-11-2022,WIN,HOME
202211270mia,Houston Texans,15,27-11-2022,LOSE,AWAY
202211270nyj,New York Jets,31,27-11-2022,WIN,HOME
202211270nyj,Chicago Bears,10,27-11-2022,LOSE,AWAY
202211270oti,Cincinnati Bengals,20,27-11-2022,WIN,AWAY
202211270oti,Tennessee Titans,16,27-11-2022,LOSE,HOME
202211270phi,Green Bay Packers,33,27-11-2022,LOSE,AWAY
202211270phi,Philadelphia Eagles,40,27-11-2022,WIN,HOME
202211270sea,Las Vegas Raiders,40,27-11-2022,WIN,AWAY
202211270sea,Seattle Seahawks,34,27-11-2022,LOSE,HOME
202211270sfo,San Francisco 49ers,13,27-11-2022,WIN,HOME
202211270sfo,New Orleans Saints,0,27-11-2022,LOSE,AWAY
202211270was,Atlanta Falcons,13,27-11-2022,LOSE,AWAY
202211270was,Washington Commanders,19,27-11-2022,WIN,HOME
202211280clt,Indianapolis Colts,17,28-11-2022,LOSE,HOME
202211280clt,Pittsburgh Steelers,24,28-11-2022,WIN,AWAY
202212010nwe,Buffalo Bills,24,01-12-2022,WIN,AWAY
202212010nwe,New England Patriots,10,01-12-2022,LOSE,HOME
202212040atl,Pittsburgh Steelers,19,04-12-2022,WIN,AWAY
202212040atl,Atlanta Falcons,16,04-12-2022,LOSE,HOME
202212040chi,Chicago Bears,19,04-12-2022,LOSE,HOME
202212040chi,Green Bay Packers,28,04-12-2022,WIN,AWAY
202212040cin,Cincinnati Bengals,27,04-12-2022,WIN,HOME
202212040cin,Kansas City Chiefs,24,04-12-2022,LOSE,AWAY
202212040dal,Dallas Cowboys,54,04-12-2022,WIN,HOME
202212040dal,Indianapolis Colts,19,04-12-2022,LOSE,AWAY
202212040det,Detroit Lions,40,04-12-2022,WIN,HOME
202212040det,Jacksonville Jaguars,14,04-12-2022,LOSE,AWAY
202212040htx,Houston Texans,14,04-12-2022,LOSE,HOME
202212040htx,Cleveland Browns,27,04-12-2022,WIN,AWAY
202212040min,Minnesota Vikings,27,04-12-2022,WIN,HOME
202212040min,New York Jets,22,04-12-2022,LOSE,AWAY
202212040nyg,New York Giants,20,04-12-2022,DRAW,HOME
202212040nyg,Washington Commanders,20,04-12-2022,DRAW,AWAY
202212040phi,Philadelphia Eagles,35,04-12-2022,WIN,HOME
202212040phi,Tennessee Titans,10,04-12-2022,LOSE,AWAY
202212040rai,Las Vegas Raiders,27,04-12-2022,WIN,HOME
202212040rai,Los Angeles Chargers,20,04-12-2022,LOSE,AWAY
202212040ram,Los Angeles Rams,23,04-12-2022,LOSE,HOME
202212040ram,Seattle Seahawks,27,04-12-2022,WIN,AWAY
202212040rav,Denver Broncos,9,04-12-2022,LOSE,AWAY
202212040rav,Baltimore Ravens,10,04-12-2022,WIN,HOME
202212040sfo,San Francisco 49ers,33,04-12-2022,WIN,HOME
202212040sfo,Miami Dolphins,17,04-12-2022,LOSE,AWAY
202212050tam,Tampa Bay Buccaneers,17,05-12-2022,WIN,HOME
202212050tam,New Orleans Saints,16,05-12-2022,LOSE,AWAY
202212080ram,Los Angeles Rams,17,08-12-2022,WIN,HOME
202212080ram,Las Vegas Raiders,16,08-12-2022,LOSE,AWAY
202212110buf,Buffalo Bills,20,11-12-2022,WIN,HOME
202212110buf,New York Jets,12,11-12-2022,LOSE,AWAY
202212110cin,Cleveland Browns,10,11-12-2022,LOSE,AWAY
202212110cin,Cincinnati Bengals,23,11-12-2022,WIN,HOME
202212110dal,Dallas Cowboys,27,11-12-2022,WIN,HOME
202212110dal,Houston Texans,23,11-12-2022,LOSE,AWAY
202212110den,Denver Broncos,28,11-12-2022,LOSE,HOME
202212110den,Kansas City Chiefs,34,11-12-2022,WIN,AWAY
202212110det,Minnesota Vikings,23,11-12-2022,LOSE,AWAY
202212110det,Detroit Lions,34,11-12-2022,WIN,HOME
202212110nyg,New York Giants,22,11-12-2022,LOSE,HOME
202212110nyg,Philadelphia Eagles,48,11-12-2022,WIN,AWAY
202212110oti,Jacksonville Jaguars,36,11-12-2022,WIN,AWAY
202212110oti,Tennessee Titans,22,11-12-2022,LOSE,HOME
202212110pit,Baltimore Ravens,16,11-12-2022,WIN,AWAY
202212110pit,Pittsburgh Steelers,14,11-12-2022,LOSE,HOME
202212110sdg,Miami Dolphins,17,11-12-2022,LOSE,AWAY
202212110sdg,Los Angeles Chargers,23,11-12-2022,WIN,HOME
202212110sea,Seattle Seahawks,24,11-12-2022,LOSE,HOME
202212110sea,Carolina Panthers,30,11-12-2022,WIN,AWAY
202212110sfo,Tampa Bay Buccaneers,7,11-12-2022,LOSE,AWAY
202212110sfo,San Francisco 49ers,35,11-12-2022,WIN,HOME
202212120crd,New England Patriots,27,12-12-2022,WIN,AWAY
202212120crd,Arizona Cardinals,13,12-12-2022,LOSE,HOME
202212150sea,Seattle Seahawks,13,15-12-2022,LOSE,HOME
202212150sea,San Francisco 49ers,21,15-12-2022,WIN,AWAY
202212170buf,Buffalo Bills,32,17-12-2022,WIN,HOME
202212170buf,Miami Dolphins,29,17-12-2022,LOSE,AWAY
202212170cle,Cleveland Browns,13,17-12-2022,WIN,HOME
202212170cle,Baltimore Ravens,3,17-12-2022,LOSE,AWAY
202212170min,Indianapolis Colts,36,17-12-2022,LOSE,AWAY
202212170min,Minnesota Vikings,39,17-12-2022,WIN,HOME
202212180car,Pittsburgh Steelers,24,18-12-2022,WIN,AWAY
202212180car,Carolina Panthers,16,18-12-2022,LOSE,HOME
202212180chi,Philadelphia Eagles,25,18-12-2022,WIN,AWAY
202212180chi,Chicago Bears,20,18-12-2022,LOSE,HOME
202212180den,Denver Broncos,24,18-12-2022,WIN,HOME
202212180den,Arizona Cardinals,15,18-12-2022,LOSE,AWAY
202212180htx,Houston Texans,24,18-12-2022,LOSE,HOME
202212180htx,Kansas City Chiefs,30,18-12-2022,WIN,AWAY
202212180jax,Jacksonville Jaguars,40,18-12-2022,WIN,HOME
202212180jax,Dallas Cowboys,34,18-12-2022,LOSE,AWAY
202212180nor,New Orleans Saints,21,18-12-2022,WIN,HOME
202212180nor,Atlanta Falcons,18,18-12-2022,LOSE,AWAY
202212180nyj,Detroit Lions,20,18-12-2022,WIN,AWAY
202212180nyj,New York Jets,17,18-12-2022,LOSE,HOME
202212180rai,Las Vegas Raiders,30,18-12-2022,WIN,HOME
202212180rai,New England Patriots,24,18-12-2022,LOSE,AWAY
202212180sdg,Tennessee Titans,14,18-12-2022,LOSE,AWAY
202212180sdg,Los Angeles Chargers,17,18-12-2022,WIN,HOME
202212180tam,Tampa Bay Buccaneers,23,18-12-2022,LOSE,HOME
202212180tam,Cincinnati Bengals,34,18-12-2022,WIN,AWAY
202212180was,New York Giants,20,18-12-2022,WIN,AWAY
202212180was,Washington Commanders,12,18-12-2022,LOSE,HOME
202212190gnb,Los Angeles Rams,12,19-12-2022,LOSE,AWAY
202212190gnb,Green Bay Packers,24,19-12-2022,WIN,HOME
202212220nyj,Jacksonville Jaguars,19,22-12-2022,WIN,AWAY
202212220nyj,New York Jets,3,22-12-2022,LOSE,HOME
202212240car,Carolina Panthers,37,24-12-2022,WIN,HOME
202212240car,Detroit Lions,23,24-12-2022,LOSE,AWAY
202212240chi,Buffalo Bills,35,24-12-2022,WIN,AWAY
202212240chi,Chicago Bears,13,24-12-2022,LOSE,HOME
202212240cle,New Orleans Saints,17,24-12-2022,WIN,AWAY
202212240cle,Cleveland Browns,10,24-12-2022,LOSE,HOME
202212240dal,Dallas Cowboys,40,24-12-2022,WIN,HOME
202212240dal,Philadelphia Eagles,34,24-12-2022,LOSE,AWAY
202212240kan,Kansas City Chiefs,24,24-12-2022,WIN,HOME
202212240kan,Seattle Seahawks,10,24-12-2022,LOSE,AWAY
202212240min,Minnesota Vikings,27,24-12-2022,WIN,HOME
202212240min,New York Giants,24,24-12-2022,LOSE,AWAY
202212240nwe,Cincinnati Bengals,22,24-12-2022,WIN,AWAY
202212240nwe,New England Patriots,18,24-12-2022,LOSE,HOME
202212240oti,Houston Texans,19,24-12-2022,WIN,AWAY
202212240oti,Tennessee Titans,14,24-12-2022,LOSE,HOME
202212240pit,Las Vegas Raiders,10,24-12-2022,LOSE,AWAY
202212240pit,Pittsburgh Steelers,13,24-12-2022,WIN,HOME
202212240rav,Baltimore Ravens,17,24-12-2022,WIN,HOME
202212240rav,Atlanta Falcons,9,24-12-2022,LOSE,AWAY
202212240sfo,San Francisco 49ers,37,24-12-2022,WIN,HOME
202212240sfo,Washington Commanders,20,24-12-2022,LOSE,AWAY
202212250crd,Tampa Bay Buccaneers,19,25-12-2022,WIN,AWAY
202212250crd,Arizona Cardinals,16,25-12-2022,LOSE,HOME
202212250mia,Miami Dolphins,20,25-12-2022,LOSE,HOME
202212250mia,Green Bay Packers,26,25-12-2022,WIN,AWAY
202212250ram,Los Angeles Rams,51,25-12-2022,WIN,HOME
202212250ram,Denver Broncos,14,25-12-2022,LOSE,AWAY
202212260clt,Indianapolis Colts,3,26-12-2022,LOSE,HOME
202212260clt,Los Angeles Chargers,20,26-12-2022,WIN,AWAY
202212290oti,Dallas Cowboys,27,29-12-2022,WIN,AWAY
202212290oti,Tennessee Titans,13,29-12-2022,LOSE,HOME
202301010atl,Atlanta Falcons,20,01-01-2023,WIN,HOME
202301010atl,Arizona Cardinals,19,01-01-2023,LOSE,AWAY
202301010det,Detroit Lions,41,01-01-2023,WIN,HOME
202301010det,Chicago Bears,10,01-01-2023,LOSE,AWAY
202301010gnb,Green Bay Packers,41,01-01-2023,WIN,HOME
202301010gnb,Minnesota Vikings,17,01-01-2023,LOSE,AWAY
202301010htx,Houston Texans,3,01-01-2023,LOSE,HOME
202301010htx,Jacksonville Jaguars,31,01-01-2023,WIN,AWAY
202301010kan,Denver Broncos,24,01-01-2023,LOSE,AWAY
202301010kan,Kansas City Chiefs,27,01-01-2023,WIN,HOME
202301010nwe,Miami Dolphins,21,01-01-2023,LOSE,AWAY
202301010nwe,New England Patriots,23,01-01-2023,WIN,HOME
202301010nyg,New York Giants,38,01-01-2023,WIN,HOME
202301010nyg,Indianapolis Colts,10,01-01-2023,LOSE,AWAY
202301010phi,New Orleans Saints,20,01-01-2023,WIN,AWAY
202301010phi,Philadelphia Eagles,10,01-01-2023,LOSE,HOME
202301010rai,San Francisco 49ers,37,01-01-2023,WIN,AWAY
202301010rai,Las Vegas Raiders,34,01-01-2023,LOSE,HOME
202301010rav,Pittsburgh Steelers,16,01-01-2023,WIN,AWAY
202301010rav,Baltimore Ravens,13,01-01-2023,LOSE,HOME
202301010sdg,Los Angeles Chargers,31,01-01-2023,WIN,HOME
202301010sdg,Los Angeles Rams,10,01-01-2023,LOSE,AWAY
202301010sea,New York Jets,6,01-01-2023,LOSE,AWAY
202301010sea,Seattle Seahawks,23,01-01-2023,WIN,HOME
202301010tam,Carolina Panthers,24,01-01-2023,LOSE,AWAY
202301010tam,Tampa Bay Buccaneers,30,01-01-2023,WIN,HOME
202301010was,Washington Commanders,10,01-01-2023,LOSE,HOME
202301010was,Cleveland Browns,24,01-01-2023,WIN,AWAY
202301070jax,Jacksonville Jaguars,20,07-01-2023,WIN,HOME
202301070jax,Tennessee Titans,16,07-01-2023,LOSE,AWAY
202301070rai,Kansas City Chiefs,31,07-01-2023,WIN,AWAY
202301070rai,Las Vegas Raiders,13,07-01-2023,LOSE,HOME
202301080atl,Tampa Bay Buccaneers,17,08-01-2023,LOSE,AWAY
202301080atl,Atlanta Falcons,30,08-01-2023,WIN,HOME
202301080buf,Buffalo Bills,35,08-01-2023,WIN,HOME
202301080buf,New England Patriots,23,08-01-2023,LOSE,AWAY
202301080chi,Chicago Bears,13,08-01-2023,LOSE,HOME
202301080chi,Minnesota Vikings,29,08-01-2023,WIN,AWAY
202301080cin,Baltimore Ravens,16,08-01-2023,LOSE,AWAY
202301080cin,Cincinnati Bengals,27,08-01-2023,WIN,HOME
202301080clt,Indianapolis Colts,31,08-01-2023,LOSE,HOME
202301080clt,Houston Texans,32,08-01-2023,WIN,AWAY
202301080den,Denver Broncos,31,08-01-2023,WIN,HOME
202301080den,Los Angeles Chargers,28,08-01-2023,LOSE,AWAY
202301080gnb,Detroit Lions,20,08-01-2023,WIN,AWAY
202301080gnb,Green Bay Packers,16,08-01-2023,LOSE,HOME
202301080mia,Miami Dolphins,11,08-01-2023,WIN,HOME
202301080mia,New York Jets,6,08-01-2023,LOSE,AWAY
202301080nor,Carolina Panthers,10,08-01-2023,WIN,AWAY
202301080nor,New Orleans Saints,7,08-01-2023,LOSE,HOME
202301080phi,Philadelphia Eagles,22,08-01-2023,WIN,HOME
202301080phi,New York Giants,16,08-01-2023,LOSE,AWAY
202301080pit,Pittsburgh Steelers,28,08-01-2023,WIN,HOME
202301080pit,Cleveland Browns,14,08-01-2023,LOSE,AWAY
202301080sea,Los Angeles Rams,16,08-01-2023,LOSE,AWAY
202301080sea,Seattle Seahawks,19,08-01-2023,WIN,HOME
202301080sfo,San Francisco 49ers,38,08-01-2023,WIN,HOME
202301080sfo,Arizona Cardinals,13,08-01-2023,LOSE,AWAY
202301080was,Washington Commanders,26,08-01-2023,WIN,HOME
202301080was,Dallas Cowboys,6,08-01-2023,LOSE,AWAY
202301140jax,Jacksonville Jaguars,31,14-01-2023,WIN,HOME
202301140jax,Los Angeles Chargers,30,14-01-2023,LOSE,AWAY
202301140sfo,Seattle Seahawks,23,14-01-2023,LOSE,AWAY
202301140sfo,San Francisco 49ers,41,14-01-2023,WIN,HOME
202301150buf,Miami Dolphins,31,15-01-2023,LOSE,AWAY
202301150buf,Buffalo Bills,34,15-01-2023,WIN,HOME
202301150cin,Cincinnati Bengals,24,15-01-2023,WIN,HOME
202301150cin,Baltimore Ravens,17,15-01-2023,LOSE,AWAY
202301150min,Minnesota Vikings,24,15-01-2023,LOSE,HOME
202301150min,New York Giants,31,15-01-2023,WIN,AWAY
202301160tam,Dallas Cowboys,31,16-01-2023,WIN,AWAY
202301160tam,Tampa Bay Buccaneers,14,16-01-2023,LOSE,HOME
202301210kan,Kansas City Chiefs,27,21-01-2023,WIN,HOME
202301210kan,Jacksonville Jaguars,20,21-01-2023,LOSE,AWAY
202301210phi,New York Giants,7,21-01-2023,LOSE,AWAY
202301210phi,Philadelphia Eagles,38,21-01-2023,WIN,HOME
202301220buf,Cincinnati Bengals,27,22-01-2023,WIN,AWAY
202301220buf,Buffalo Bills,10,22-01-2023,LOSE,HOME
202301220sfo,Dallas Cowboys,12,22-01-2023,LOSE,AWAY
202301220sfo,San Francisco 49ers,19,22-01-2023,WIN,HOME
202301290kan,Kansas City Chiefs,23,29-01-2023,WIN,HOME
202301290kan,Cincinnati Bengals,20,29-01-2023,LOSE,AWAY
202301290phi,San Francisco 49ers,7,29-01-2023,LOSE,AWAY
202301290phi,Philadelphia Eagles,31,29-01-2023,WIN,HOME
202302120phi,Kansas City Chiefs,38,12-02-2023,WIN,AWAY
202302120phi,Philadelphia Eagles,35,12-02-2023,LOSE,HOME
202309070kan,Detroit Lions,21,07-09-2023,WIN,AWAY
202309070kan,Kansas City Chiefs,20,07-09-2023,LOSE,HOME
202309100atl,Atlanta Falcons,24,10-09-2023,WIN,HOME
202309100atl,Carolina Panthers,10,10-09-2023,LOSE,AWAY
202309100chi,Green Bay Packers,38,10-09-2023,WIN,AWAY
202309100chi,Chicago Bears,20,10-09-2023,LOSE,HOME
202309100cle,Cincinnati Bengals,3,10-09-2023,LOSE,AWAY
202309100cle,Cleveland Browns,24,10-09-2023,WIN,HOME
202309100clt,Indianapolis Colts,21,10-09-2023,LOSE,HOME
202309100clt,Jacksonville Jaguars,31,10-09-2023,WIN,AWAY
202309100den,Las Vegas Raiders,17,10-09-2023,WIN,AWAY
202309100den,Denver Broncos,16,10-09-2023,LOSE,HOME
202309100min,Minnesota Vikings,17,10-09-2023,LOSE,HOME
202309100min,Tampa Bay Buccaneers,20,10-09-2023,WIN,AWAY
202309100nor,Tennessee Titans,15,10-09-2023,LOSE,AWAY
202309100nor,New Orleans Saints,16,10-09-2023,WIN,HOME
202309100nwe,Philadelphia Eagles,25,10-09-2023,WIN,AWAY
202309100nwe,New England Patriots,20,10-09-2023,LOSE,HOME
202309100nyg,New York Giants,0,10-09-2023,LOSE,HOME
202309100nyg,Dallas Cowboys,40,10-09-2023,WIN,AWAY
202309100pit,San Francisco 49ers,30,10-09-2023,WIN,AWAY
202309100pit,Pittsburgh Steelers,7,10-09-2023,LOSE,HOME
202309100rav,Baltimore Ravens,25,10-09-2023,WIN,HOME
202309100rav,Houston Texans,9,10-09-2023,LOSE,AWAY
202309100sdg,Los Angeles Chargers,34,10-09-2023,LOSE,HOME
202309100sdg,Miami Dolphins,36,10-09-2023,WIN,AWAY
202309100sea,Seattle Seahawks,13,10-09-2023,LOSE,HOME
202309100sea,Los Angeles Rams,30,10-09-2023,WIN,AWAY
202309100was,Arizona Cardinals,16,10-09-2023,LOSE,AWAY
202309100was,Washington Commanders,20,10-09-2023,WIN,HOME
202309110nyj,Buffalo Bills,16,11-09-2023,LOSE,AWAY
202309110nyj,New York Jets,22,11-09-2023,WIN,HOME
202309140phi,Minnesota Vikings,28,14-09-2023,LOSE,AWAY
202309140phi,Philadelphia Eagles,34,14-09-2023,WIN,HOME
202309170atl,Green Bay Packers,24,17-09-2023,LOSE,AWAY
202309170atl,Atlanta Falcons,25,17-09-2023,WIN,HOME
202309170buf,Buffalo Bills,38,17-09-2023,WIN,HOME
202309170buf,Las Vegas Raiders,10,17-09-2023,LOSE,AWAY
202309170cin,Cincinnati Bengals,24,17-09-2023,LOSE,HOME
202309170cin,Baltimore Ravens,27,17-09-2023,WIN,AWAY
202309170crd,New York Giants,31,17-09-2023,WIN,AWAY
202309170crd,Arizona Cardinals,28,17-09-2023,LOSE,HOME
202309170dal,Dallas Cowboys,30,17-09-2023,WIN,HOME
202309170dal,New York Jets,10,17-09-2023,LOSE,AWAY
202309170den,Washington Commanders,35,17-09-2023,WIN,AWAY
202309170den,Denver Broncos,33,17-09-2023,LOSE,HOME
202309170det,Detroit Lions,31,17-09-2023,LOSE,HOME
202309170det,Seattle Seahawks,37,17-09-2023,WIN,AWAY
202309170htx,Indianapolis Colts,31,17-09-2023,WIN,AWAY
202309170htx,Houston Texans,20,17-09-2023,LOSE,HOME
202309170jax,Jacksonville Jaguars,9,17-09-2023,LOSE,HOME
202309170jax,Kansas City Chiefs,17,17-09-2023,WIN,AWAY
202309170nwe,New England Patriots,17,17-09-2023,LOSE,HOME
202309170nwe,Miami Dolphins,24,17-09-2023,WIN,AWAY
202309170oti,Los Angeles Chargers,24,17-09-2023,LOSE,AWAY
202309170oti,Tennessee Titans,27,17-09-2023,WIN,HOME
202309170ram,Los Angeles Rams,23,17-09-2023,LOSE,HOME
202309170ram,San Francisco 49ers,30,17-09-2023,WIN,AWAY
202309170tam,Tampa Bay Buccaneers,27,17-09-2023,WIN,HOME
202309170tam,Chicago Bears,17,17-09-2023,LOSE,AWAY
202309180car,New Orleans Saints,20,18-09-2023,WIN,AWAY
202309180car,Carolina Panthers,17,18-09-2023,LOSE,HOME
202309180pit,Cleveland Browns,22,18-09-2023,LOSE,AWAY
202309180pit,Pittsburgh Steelers,26,18-09-2023,WIN,HOME
202309210sfo,San Francisco 49ers,30,21-09-2023,WIN,HOME
202309210sfo,New York Giants,12,21-09-2023,LOSE,AWAY
202309240cle,Cleveland Browns,27,24-09-2023,WIN,HOME
202309240cle,Tennessee Titans,3,24-09-2023,LOSE,AWAY
202309240crd,Arizona Cardinals,28,24-09-2023,WIN,HOME
202309240crd,Dallas Cowboys,16,24-09-2023,LOSE,AWAY
202309240det,Detroit Lions,20,24-09-2023,WIN,HOME
202309240det,Atlanta Falcons,6,24-09-2023,LOSE,AWAY
202309240gnb,New Orleans Saints,17,24-09-2023,LOSE,AWAY
202309240gnb,Green Bay Packers,18,24-09-2023,WIN,HOME
202309240jax,Houston Texans,37,24-09-2023,WIN,AWAY
202309240jax,Jacksonville Jaguars,17,24-09-2023,LOSE,HOME
202309240kan,Kansas City Chiefs,41,24-09-2023,WIN,HOME
202309240kan,Chicago Bears,10,24-09-2023,LOSE,AWAY
202309240mia,Miami Dolphins,70,24-09-2023,WIN,HOME
202309240mia,Denver Broncos,20,24-09-2023,LOSE,AWAY
202309240min,Los Angeles Chargers,28,24-09-2023,WIN,AWAY
202309240min,Minnesota Vikings,24,24-09-2023,LOSE,HOME
202309240nyj,New York Jets,10,24-09-2023,LOSE,HOME
202309240nyj,New England Patriots,15,24-09-2023,WIN,AWAY
202309240rai,Las Vegas Raiders,18,24-09-2023,LOSE,HOME
202309240rai,Pittsburgh Steelers,23,24-09-2023,WIN,AWAY
202309240rav,Indianapolis Colts,22,24-09-2023,WIN,AWAY
202309240rav,Baltimore Ravens,19,24-09-2023,LOSE,HOME
202309240sea,Carolina Panthers,27,24-09-2023,LOSE,AWAY
202309240sea,Seattle Seahawks,37,24-09-2023,WIN,HOME
202309240was,Washington Commanders,3,24-09-2023,LOSE,HOME
202309240was,Buffalo Bills,37,24-09-2023,WIN,AWAY
202309250cin,Cincinnati Bengals,19,25-09-2023,WIN,HOME
202309250cin,Los Angeles Rams,16,25-09-2023,LOSE,AWAY
202309250tam,Tampa Bay Buccaneers,11,25-09-2023,LOSE,HOME
202309250tam,Philadelphia Eagles,25,25-09-2023,WIN,AWAY
202309280gnb,Detroit Lions,34,28-09-2023,WIN,AWAY
202309280gnb,Green Bay Packers,20,28-09-2023,LOSE,HOME
202310010buf,Miami Dolphins,20,01-10-2023,LOSE,AWAY
202310010buf,Buffalo Bills,48,01-10-2023,WIN,HOME
202310010car,Carolina Panthers,13,01-10-2023,LOSE,HOME
202310010car,Minnesota Vikings,21,01-10-2023,WIN,AWAY
202310010chi,Chicago Bears,28,01-10-2023,LOSE,HOME
202310010chi,Denver Broncos,31,01-10-2023,WIN,AWAY
202310010cle,Baltimore Ravens,28,01-10-2023,WIN,AWAY
202310010cle,Cleveland Browns,3,01-10-2023,LOSE,HOME
202310010clt,Indianapolis Colts,23,01-10-2023,LOSE,HOME
202310010clt,Los Angeles Rams,29,01-10-2023,WIN,AWAY
202310010dal,Dallas Cowboys,38,01-10-2023,WIN,HOME
202310010dal,New England Patriots,3,01-10-2023,LOSE,AWAY
202310010htx,Houston Texans,30,01-10-2023,WIN,HOME
202310010htx,Pittsburgh Steelers,6,01-10-2023,LOSE,AWAY
202310010jax,Jacksonville Jaguars,23,01-10-2023,WIN,HOME
202310010jax,Atlanta Falcons,7,01-10-2023,LOSE,AWAY
202310010nor,New Orleans Saints,9,01-10-2023,LOSE,HOME
202310010nor,Tampa Bay Buccaneers,26,01-10-2023,WIN,AWAY
202310010nyj,Kansas City Chiefs,23,01-10-2023,WIN,AWAY
202310010nyj,New York Jets,20,01-10-2023,LOSE,HOME
202310010oti,Cincinnati Bengals,3,01-10-2023,LOSE,AWAY
202310010oti,Tennessee Titans,27,01-10-2023,WIN,HOME
202310010phi,Washington Commanders,31,01-10-2023,LOSE,AWAY
202310010phi,Philadelphia Eagles,34,01-10-2023,WIN,HOME
202310010sdg,Los Angeles Chargers,24,01-10-2023,WIN,HOME
202310010sdg,Las Vegas Raiders,17,01-10-2023,LOSE,AWAY
202310010sfo,San Francisco 49ers,35,01-10-2023,WIN,HOME
202310010sfo,Arizona Cardinals,16,01-10-2023,LOSE,AWAY
202310020nyg,Seattle Seahawks,24,02-10-2023,WIN,AWAY
202310020nyg,New York Giants,3,02-10-2023,LOSE,HOME
202310050was,Chicago Bears,40,05-10-2023,WIN,AWAY
202310050was,Washington Commanders,20,05-10-2023,LOSE,HOME
202310080atl,Houston Texans,19,08-10-2023,LOSE,AWAY
202310080atl,Atlanta Falcons,21,08-10-2023,WIN,HOME
202310080buf,Buffalo Bills,20,08-10-2023,LOSE,HOME
202310080buf,Jacksonville Jaguars,25,08-10-2023,WIN,AWAY
202310080clt,Indianapolis Colts,23,08-10-2023,WIN,HOME
202310080clt,Tennessee Titans,16,08-10-2023,LOSE,AWAY
202310080crd,Arizona Cardinals,20,08-10-2023,LOSE,HOME
202310080crd,Cincinnati Bengals,34,08-10-2023,WIN,AWAY
202310080den,Denver Broncos,21,08-10-2023,LOSE,HOME
202310080den,New York Jets,31,08-10-2023,WIN,AWAY
202310080det,Detroit Lions,42,08-10-2023,WIN,HOME
202310080det,Carolina Panthers,24,08-10-2023,LOSE,AWAY
202310080mia,New York Giants,16,08-10-2023,LOSE,AWAY
202310080mia,Miami Dolphins,31,08-10-2023,WIN,HOME
202310080min,Minnesota Vikings,20,08-10-2023,LOSE,HOME
202310080min,Kansas City Chiefs,27,08-10-2023,WIN,AWAY
202310080nwe,New Orleans Saints,34,08-10-2023,WIN,AWAY
202310080nwe,New England Patriots,0,08-10-2023,LOSE,HOME
202310080pit,Pittsburgh Steelers,17,08-10-2023,WIN,HOME
202310080pit,Baltimore Ravens,10,08-10-2023,LOSE,AWAY
202310080ram,Philadelphia Eagles,23,08-10-2023,WIN,AWAY
202310080ram,Los Angeles Rams,14,08-10-2023,LOSE,HOME
202310080sfo,San Francisco 49ers,42,08-10-2023,WIN,HOME
202310080sfo,Dallas Cowboys,10,08-10-2023,LOSE,AWAY
202310090rai,Las Vegas Raiders,17,09-10-2023,WIN,HOME
202310090rai,Green Bay Packers,13,09-10-2023,LOSE,AWAY
202310120kan,Denver Broncos,8,12-10-2023,LOSE,AWAY
202310120kan,Kansas City Chiefs,19,12-10-2023,WIN,HOME
202310150atl,Atlanta Falcons,16,15-10-2023,LOSE,HOME
202310150atl,Washington Commanders,24,15-10-2023,WIN,AWAY
202310150buf,Buffalo Bills,14,15-10-2023,WIN,HOME
202310150buf,New York Giants,9,15-10-2023,LOSE,AWAY
202310150chi,Chicago Bears,13,15-10-2023,LOSE,HOME
202310150chi,Minnesota Vikings,19,15-10-2023,WIN,AWAY
202310150cin,Seattle Seahawks,13,15-10-2023,LOSE,AWAY
202310150cin,Cincinnati Bengals,17,15-10-2023,WIN,HOME
202310150cle,San Francisco 49ers,17,15-10-2023,LOSE,AWAY
202310150cle,Cleveland Browns,19,15-10-2023,WIN,HOME
202310150htx,Houston Texans,20,15-10-2023,WIN,HOME
202310150htx,New Orleans Saints,13,15-10-2023,LOSE,AWAY
202310150jax,Jacksonville Jaguars,37,15-10-2023,WIN,HOME
202310150jax,Indianapolis Colts,20,15-10-2023,LOSE,AWAY
202310150mia,Carolina Panthers,21,15-10-2023,LOSE,AWAY
202310150mia,Miami Dolphins,42,15-10-2023,WIN,HOME
202310150nyj,New York Jets,20,15-10-2023,WIN,HOME
202310150nyj,Philadelphia Eagles,14,15-10-2023,LOSE,AWAY
202310150oti,Tennessee Titans,16,15-10-2023,LOSE,HOME
202310150oti,Baltimore Ravens,24,15-10-2023,WIN,AWAY
202310150rai,Las Vegas Raiders,21,15-10-2023,WIN,HOME
202310150rai,New England Patriots,17,15-10-2023,LOSE,AWAY
202310150ram,Los Angeles Rams,26,15-10-2023,WIN,HOME
202310150ram,Arizona Cardinals,9,15-10-2023,LOSE,AWAY
202310150tam,Tampa Bay Buccaneers,6,15-10-2023,LOSE,HOME
202310150tam,Detroit Lions,20,15-10-2023,WIN,AWAY
202310160sdg,Los Angeles Chargers,17,16-10-2023,LOSE,HOME
202310160sdg,Dallas Cowboys,20,16-10-2023,WIN,AWAY
202310190nor,Jacksonville Jaguars,31,19-10-2023,WIN,AWAY
202310190nor,New Orleans Saints,24,19-10-2023,LOSE,HOME
202310220chi,Chicago Bears,30,22-10-2023,WIN,HOME
202310220chi,Las Vegas Raiders,12,22-10-2023,LOSE,AWAY
202310220clt,Cleveland Browns,39,22-10-2023,WIN,AWAY
202310220clt,Indianapolis Colts,38,22-10-2023,LOSE,HOME
202310220den,Denver Broncos,19,22-10-2023,WIN,HOME
202310220den,Green Bay Packers,17,22-10-2023,LOSE,AWAY
202310220kan,Los Angeles Chargers,17,22-10-2023,LOSE,AWAY
202310220kan,Kansas City Chiefs,31,22-10-2023,WIN,HOME
202310220nwe,New England Patriots,29,22-10-2023,WIN,HOME
202310220nwe,Buffalo Bills,25,22-10-2023,LOSE,AWAY
202310220nyg,New York Giants,14,22-10-2023,WIN,HOME
202310220nyg,Washington Commanders,7,22-10-2023,LOSE,AWAY
202310220phi,Miami Dolphins,17,22-10-2023,LOSE,AWAY
202310220phi,Philadelphia Eagles,31,22-10-2023,WIN,HOME
202310220ram,Los Angeles Rams,17,22-10-2023,LOSE,HOME
202310220ram,Pittsburgh Steelers,24,22-10-2023,WIN,AWAY
202310220rav,Baltimore Ravens,38,22-10-2023,WIN,HOME
202310220rav,Detroit Lions,6,22-10-2023,LOSE,AWAY
202310220sea,Seattle Seahawks,20,22-10-2023,WIN,HOME
202310220sea,Arizona Cardinals,10,22-10-2023,LOSE,AWAY
202310220tam,Atlanta Falcons,16,22-10-2023,WIN,AWAY
202310220tam,Tampa Bay Buccaneers,13,22-10-2023,LOSE,HOME
202310230min,Minnesota Vikings,22,23-10-2023,WIN,HOME
202310230min,San Francisco 49ers,17,23-10-2023,LOSE,AWAY
202310260buf,Tampa Bay Buccaneers,18,26-10-2023,LOSE,AWAY
202310260buf,Buffalo Bills,24,26-10-2023,WIN,HOME
202310290car,Carolina Panthers,15,29-10-2023,WIN,HOME
202310290car,Houston Texans,13,29-10-2023,LOSE,AWAY
202310290clt,New Orleans Saints,38,29-10-2023,WIN,AWAY
202310290clt,Indianapolis Colts,27,29-10-2023,LOSE,HOME
202310290crd,Arizona Cardinals,24,29-10-2023,LOSE,HOME
202310290crd,Baltimore Ravens,31,29-10-2023,WIN,AWAY
202310290dal,Los Angeles Rams,20,29-10-2023,LOSE,AWAY
202310290dal,Dallas Cowboys,43,29-10-2023,WIN,HOME
202310290den,Kansas City Chiefs,9,29-10-2023,LOSE,AWAY
202310290den,Denver Broncos,24,29-10-2023,WIN,HOME
202310290gnb,Green Bay Packers,10,29-10-2023,LOSE,HOME
202310290gnb,Minnesota Vikings,24,29-10-2023,WIN,AWAY
202310290mia,New England Patriots,17,29-10-2023,LOSE,AWAY
202310290mia,Miami Dolphins,31,29-10-2023,WIN,HOME
202310290nyg,New York Giants,10,29-10-2023,LOSE,HOME
202310290nyg,New York Jets,13,29-10-2023,WIN,AWAY
202310290oti,Tennessee Titans,28,29-10-2023,WIN,HOME
202310290oti,Atlanta Falcons,23,29-10-2023,LOSE,AWAY
202310290pit,Jacksonville Jaguars,20,29-10-2023,WIN,AWAY
202310290pit,Pittsburgh Steelers,10,29-10-2023,LOSE,HOME
202310290sdg,Los Angeles Chargers,30,29-10-2023,WIN,HOME
202310290sdg,Chicago Bears,13,29-10-2023,LOSE,AWAY
202310290sea,Seattle Seahawks,24,29-10-2023,WIN,HOME
202310290sea,Cleveland Browns,20,29-10-2023,LOSE,AWAY
202310290sfo,Cincinnati Bengals,31,29-10-2023,WIN,AWAY
202310290sfo,San Francisco 49ers,17,29-10-2023,LOSE,HOME
202310290was,Philadelphia Eagles,38,29-10-2023,WIN,AWAY
202310290was,Washington Commanders,31,29-10-2023,LOSE,HOME
202310300det,Detroit Lions,26,30-10-2023,WIN,HOME
202310300det,Las Vegas Raiders,14,30-10-2023,LOSE,AWAY
202311020pit,Tennessee Titans,16,02-11-2023,LOSE,AWAY
202311020pit,Pittsburgh Steelers,20,02-11-2023,WIN,HOME
202311050atl,Atlanta Falcons,28,05-11-2023,LOSE,HOME
202311050atl,Minnesota Vikings,31,05-11-2023,WIN,AWAY
202311050car,Carolina Panthers,13,05-11-2023,LOSE,HOME
202311050car,Indianapolis Colts,27,05-11-2023,WIN,AWAY
202311050cin,Buffalo Bills,18,05-11-2023,LOSE,AWAY
202311050cin,Cincinnati Bengals,24,05-11-2023,WIN,HOME
202311050cle,Arizona Cardinals,0,05-11-2023,LOSE,AWAY
202311050cle,Cleveland Browns,27,05-11-2023,WIN,HOME
202311050gnb,Los Angeles Rams,3,05-11-2023,LOSE,AWAY
202311050gnb,Green Bay Packers,20,05-11-2023,WIN,HOME
202311050htx,Tampa Bay Buccaneers,37,05-11-2023,LOSE,AWAY
202311050htx,Houston Texans,39,05-11-2023,WIN,HOME
202311050kan,Miami Dolphins,14,05-11-2023,LOSE,AWAY
202311050kan,Kansas City Chiefs,21,05-11-2023,WIN,HOME
202311050nor,New Orleans Saints,24,05-11-2023,WIN,HOME
202311050nor,Chicago Bears,17,05-11-2023,LOSE,AWAY
202311050nwe,New England Patriots,17,05-11-2023,LOSE,HOME
202311050nwe,Washington Commanders,20,05-11-2023,WIN,AWAY
202311050phi,Philadelphia Eagles,28,05-11-2023,WIN,HOME
202311050phi,Dallas Cowboys,23,05-11-2023,LOSE,AWAY
202311050rai,Las Vegas Raiders,30,05-11-2023,WIN,HOME
202311050rai,New York Giants,6,05-11-2023,LOSE,AWAY
202311050rav,Baltimore Ravens,37,05-11-2023,WIN,HOME
202311050rav,Seattle Seahawks,3,05-11-2023,LOSE,AWAY
202311060nyj,Los Angeles Chargers,27,06-11-2023,WIN,AWAY
202311060nyj,New York Jets,6,06-11-2023,LOSE,HOME
202311090chi,Chicago Bears,16,09-11-2023,WIN,HOME
202311090chi,Carolina Panthers,13,09-11-2023,LOSE,AWAY
202311120cin,Houston Texans,30,12-11-2023,WIN,AWAY
202311120cin,Cincinnati Bengals,27,12-11-2023,LOSE,HOME
202311120crd,Arizona Cardinals,25,12-11-2023,WIN,HOME
202311120crd,Atlanta Falcons,23,12-11-2023,LOSE,AWAY
202311120dal,New York Giants,17,12-11-2023,LOSE,AWAY
202311120dal,Dallas Cowboys,49,12-11-2023,WIN,HOME
202311120jax,San Francisco 49ers,34,12-11-2023,WIN,AWAY
202311120jax,Jacksonville Jaguars,3,12-11-2023,LOSE,HOME
202311120min,New Orleans Saints,19,12-11-2023,LOSE,AWAY
202311120min,Minnesota Vikings,27,12-11-2023,WIN,HOME
202311120nwe,New England Patriots,6,12-11-2023,LOSE,HOME
202311120nwe,Indianapolis Colts,10,12-11-2023,WIN,AWAY
202311120pit,Pittsburgh Steelers,23,12-11-2023,WIN,HOME
202311120pit,Green Bay Packers,19,12-11-2023,LOSE,AWAY
202311120rai,New York Jets,12,12-11-2023,LOSE,AWAY
202311120rai,Las Vegas Raiders,16,12-11-2023,WIN,HOME
202311120rav,Cleveland Browns,33,12-11-2023,WIN,AWAY
202311120rav,Baltimore Ravens,31,12-11-2023,LOSE,HOME
202311120sdg,Los Angeles Chargers,38,12-11-2023,LOSE,HOME
202311120sdg,Detroit Lions,41,12-11-2023,WIN,AWAY
202311120sea,Seattle Seahawks,29,12-11-2023,WIN,HOME
202311120sea,Washington Commanders,26,12-11-2023,LOSE,AWAY
202311120tam,Tampa Bay Buccaneers,20,12-11-2023,WIN,HOME
202311120tam,Tennessee Titans,6,12-11-2023,LOSE,AWAY
202311130buf,Buffalo Bills,22,13-11-2023,LOSE,HOME
202311130buf,Denver Broncos,24,13-11-2023,WIN,AWAY
202311160rav,Baltimore Ravens,34,16-11-2023,WIN,HOME
202311160rav,Cincinnati Bengals,20,16-11-2023,LOSE,AWAY
202311190buf,New York Jets,6,19-11-2023,LOSE,AWAY
202311190buf,Buffalo Bills,32,19-11-2023,WIN,HOME
202311190car,Carolina Panthers,10,19-11-2023,LOSE,HOME
202311190car,Dallas Cowboys,33,19-11-2023,WIN,AWAY
202311190cle,Pittsburgh Steelers,10,19-11-2023,LOSE,AWAY
202311190cle,Cleveland Browns,13,19-11-2023,WIN,HOME
202311190den,Denver Broncos,21,19-11-2023,WIN,HOME
202311190den,Minnesota Vikings,20,19-11-2023,LOSE,AWAY
202311190det,Chicago Bears,26,19-11-2023,LOSE,AWAY
202311190det,Detroit Lions,31,19-11-2023,WIN,HOME
202311190gnb,Green Bay Packers,23,19-11-2023,WIN,HOME
202311190gnb,Los Angeles Chargers,20,19-11-2023,LOSE,AWAY
202311190htx,Houston Texans,21,19-11-2023,WIN,HOME
202311190htx,Arizona Cardinals,16,19-11-2023,LOSE,AWAY
202311190jax,Tennessee Titans,14,19-11-2023,LOSE,AWAY
202311190jax,Jacksonville Jaguars,34,19-11-2023,WIN,HOME
202311190mia,Las Vegas Raiders,13,19-11-2023,LOSE,AWAY
202311190mia,Miami Dolphins,20,19-11-2023,WIN,HOME
202311190ram,Seattle Seahawks,16,19-11-2023,LOSE,AWAY
202311190ram,Los Angeles Rams,17,19-11-2023,WIN,HOME
202311190sfo,Tampa Bay Buccaneers,14,19-11-2023,LOSE,AWAY
202311190sfo,San Francisco 49ers,27,19-11-2023,WIN,HOME
202311190was,Washington Commanders,19,19-11-2023,LOSE,HOME
202311190was,New York Giants,31,19-11-2023,WIN,AWAY
202311200kan,Philadelphia Eagles,21,20-11-2023,WIN,AWAY
202311200kan,Kansas City Chiefs,17,20-11-2023,LOSE,HOME
202311230dal,Dallas Cowboys,45,23-11-2023,WIN,HOME
202311230dal,Washington Commanders,10,23-11-2023,LOSE,AWAY
202311230det,Detroit Lions,22,23-11-2023,LOSE,HOME
202311230det,Green Bay Packers,29,23-11-2023,WIN,AWAY
202311230sea,San Francisco 49ers,31,23-11-2023,WIN,AWAY
202311230sea,Seattle Seahawks,13,23-11-2023,LOSE,HOME
202311240nyj,New York Jets,13,24-11-2023,LOSE,HOME
202311240nyj,Miami Dolphins,34,24-11-2023,WIN,AWAY
202311260atl,New Orleans Saints,15,26-11-2023,LOSE,AWAY
202311260atl,Atlanta Falcons,24,26-11-2023,WIN,HOME
202311260cin,Pittsburgh Steelers,16,26-11-2023,WIN,AWAY
202311260cin,Cincinnati Bengals,10,26-11-2023,LOSE,HOME
202311260clt,Indianapolis Colts,27,26-11-2023,WIN,HOME
202311260clt,Tampa Bay Buccaneers,20,26-11-2023,LOSE,AWAY
202311260crd,Arizona Cardinals,14,26-11-2023,LOSE,HOME
202311260crd,Los Angeles Rams,37,26-11-2023,WIN,AWAY
202311260den,Denver Broncos,29,26-11-2023,WIN,HOME
202311260den,Cleveland Browns,12,26-11-2023,LOSE,AWAY
202311260htx,Jacksonville Jaguars,24,26-11-2023,WIN,AWAY
202311260htx,Houston Texans,21,26-11-2023,LOSE,HOME
202311260nyg,New England Patriots,7,26-11-2023,LOSE,AWAY
202311260nyg,New York Giants,10,26-11-2023,WIN,HOME
202311260oti,Carolina Panthers,10,26-11-2023,LOSE,AWAY
202311260oti,Tennessee Titans,17,26-11-2023,WIN,HOME
202311260phi,Philadelphia Eagles,37,26-11-2023,WIN,HOME
202311260phi,Buffalo Bills,34,26-11-2023,LOSE,AWAY
202311260rai,Las Vegas Raiders,17,26-11-2023,LOSE,HOME
202311260rai,Kansas City Chiefs,31,26-11-2023,WIN,AWAY
202311260sdg,Baltimore Ravens,20,26-11-2023,WIN,AWAY
202311260sdg,Los Angeles Chargers,10,26-11-2023,LOSE,HOME
202311270min,Chicago Bears,12,27-11-2023,WIN,AWAY
202311270min,Minnesota Vikings,10,27-11-2023,LOSE,HOME
202311300dal,Dallas Cowboys,41,30-11-2023,WIN,HOME
202311300dal,Seattle Seahawks,35,30-11-2023,LOSE,AWAY
202312030gnb,Kansas City Chiefs,19,03-12-2023,LOSE,AWAY
202312030gnb,Green Bay Packers,27,03-12-2023,WIN,HOME
202312030htx,Denver Broncos,17,03-12-2023,LOSE,AWAY
202312030htx,Houston Texans,22,03-12-2023,WIN,HOME
202312030nor,New Orleans Saints,28,03-12-2023,LOSE,HOME
202312030nor,Detroit Lions,33,03-12-2023,WIN,AWAY
202312030nwe,Los Angeles Chargers,6,03-12-2023,WIN,AWAY
202312030nwe,New England Patriots,0,03-12-2023,LOSE,HOME
202312030nyj,Atlanta Falcons,13,03-12-2023,WIN,AWAY
202312030nyj,New York Jets,8,03-12-2023,LOSE,HOME
202312030oti,Indianapolis Colts,31,03-12-2023,WIN,AWAY
202312030oti,Tennessee Titans,28,03-12-2023,LOSE,HOME
202312030phi,San Francisco 49ers,42,03-12-2023,WIN,AWAY
202312030phi,Philadelphia Eagles,19,03-12-2023,LOSE,HOME
202312030pit,Arizona Cardinals,24,03-12-2023,WIN,AWAY
202312030pit,Pittsburgh Steelers,10,03-12-2023,LOSE,HOME
202312030ram,Cleveland Browns,19,03-12-2023,LOSE,AWAY
202312030ram,Los Angeles Rams,36,03-12-2023,WIN,HOME
202312030tam,Tampa Bay Buccaneers,21,03-12-2023,WIN,HOME
202312030tam,Carolina Panthers,18,03-12-2023,LOSE,AWAY
202312030was,Miami Dolphins,45,03-12-2023,WIN,AWAY
202312030was,Washington Commanders,15,03-12-2023,LOSE,HOME
202312040jax,Cincinnati Bengals,34,04-12-2023,WIN,AWAY
202312040jax,Jacksonville Jaguars,31,04-12-2023,LOSE,HOME
202312070pit,Pittsburgh Steelers,18,07-12-2023,LOSE,HOME
202312070pit,New England Patriots,21,07-12-2023,WIN,AWAY
202312100atl,Tampa Bay Buccaneers,29,10-12-2023,WIN,AWAY
202312100atl,Atlanta Falcons,25,10-12-2023,LOSE,HOME
202312100chi,Chicago Bears,28,10-12-2023,WIN,HOME
202312100chi,Detroit Lions,13,10-12-2023,LOSE,AWAY
202312100cin,Cincinnati Bengals,34,10-12-2023,WIN,HOME
202312100cin,Indianapolis Colts,14,10-12-2023,LOSE,AWAY
202312100cle,Cleveland Browns,31,10-12-2023,WIN,HOME
202312100cle,Jacksonville Jaguars,27,10-12-2023,LOSE,AWAY
202312100dal,Philadelphia Eagles,13,10-12-2023,LOSE,AWAY
202312100dal,Dallas Cowboys,33,10-12-2023,WIN,HOME
202312100kan,Buffalo Bills,20,10-12-2023,WIN,AWAY
202312100kan,Kansas City Chiefs,17,10-12-2023,LOSE,HOME
202312100nor,Carolina Panthers,6,10-12-2023,LOSE,AWAY
202312100nor,New Orleans Saints,28,10-12-2023,WIN,HOME
202312100nyj,New York Jets,30,10-12-2023,WIN,HOME
202312100nyj,Houston Texans,6,10-12-2023,LOSE,AWAY
202312100rai,Minnesota Vikings,3,10-12-2023,WIN,AWAY
202312100rai,Las Vegas Raiders,0,10-12-2023,LOSE,HOME
202312100rav,Los Angeles Rams,31,10-12-2023,LOSE,AWAY
202312100rav,Baltimore Ravens,37,10-12-2023,WIN,HOME
202312100sdg,Denver Broncos,24,10-12-2023,WIN,AWAY
202312100sdg,Los Angeles Chargers,7,10-12-2023,LOSE,HOME
202312100sfo,San Francisco 49ers,28,10-12-2023,WIN,HOME
202312100sfo,Seattle Seahawks,16,10-12-2023,LOSE,AWAY
202312110mia,Tennessee Titans,28,11-12-2023,WIN,AWAY
202312110mia,Miami Dolphins,27,11-12-2023,LOSE,HOME
202312110nyg,New York Giants,24,11-12-2023,WIN,HOME
202312110nyg,Green Bay Packers,22,11-12-2023,LOSE,AWAY
202312140rai,Los Angeles Chargers,21,14-12-2023,LOSE,AWAY
202312140rai,Las Vegas Raiders,63,14-12-2023,WIN,HOME
202312160cin,Minnesota Vikings,24,16-12-2023,LOSE,AWAY
202312160cin,Cincinnati Bengals,27,16-12-2023,WIN,HOME
202312160clt,Pittsburgh Steelers,13,16-12-2023,LOSE,AWAY
202312160clt,Indianapolis Colts,30,16-12-2023,WIN,HOME
202312160det,Detroit Lions,42,16-12-2023,WIN,HOME
202312160det,Denver Broncos,17,16-12-2023,LOSE,AWAY
202312170buf,Buffalo Bills,31,17-12-2023,WIN,HOME
202312170buf,Dallas Cowboys,10,17-12-2023,LOSE,AWAY
202312170car,Atlanta Falcons,7,17-12-2023,LOSE,AWAY
202312170car,Carolina Panthers,9,17-12-2023,WIN,HOME
202312170cle,Chicago Bears,17,17-12-2023,LOSE,AWAY
202312170cle,Cleveland Browns,20,17-12-2023,WIN,HOME
202312170crd,Arizona Cardinals,29,17-12-2023,LOSE,HOME
202312170crd,San Francisco 49ers,45,17-12-2023,WIN,AWAY
202312170gnb,Green Bay Packers,20,17-12-2023,LOSE,HOME
202312170gnb,Tampa Bay Buccaneers,34,17-12-2023,WIN,AWAY
202312170jax,Jacksonville Jaguars,7,17-12-2023,LOSE,HOME
202312170jax,Baltimore Ravens,23,17-12-2023,WIN,AWAY
202312170mia,Miami Dolphins,30,17-12-2023,WIN,HOME
202312170mia,New York Jets,0,17-12-2023,LOSE,AWAY
202312170nor,New York Giants,6,17-12-2023,LOSE,AWAY
202312170nor,New Orleans Saints,24,17-12-2023,WIN,HOME
202312170nwe,New England Patriots,17,17-12-2023,LOSE,HOME
202312170nwe,Kansas City Chiefs,27,17-12-2023,WIN,AWAY
202312170oti,Houston Texans,19,17-12-2023,WIN,AWAY
202312170oti,Tennessee Titans,16,17-12-2023,LOSE,HOME
202312170ram,Washington Commanders,20,17-12-2023,LOSE,AWAY
202312170ram,Los Angeles Rams,28,17-12-2023,WIN,HOME
202312180sea,Philadelphia Eagles,17,18-12-2023,LOSE,AWAY
202312180sea,Seattle Seahawks,20,18-12-2023,WIN,HOME
202312210ram,New Orleans Saints,22,21-12-2023,LOSE,AWAY
202312210ram,Los Angeles Rams,30,21-12-2023,WIN,HOME
202312230pit,Pittsburgh Steelers,34,23-12-2023,WIN,HOME
202312230pit,Cincinnati Bengals,11,23-12-2023,LOSE,AWAY
202312230sdg,Buffalo Bills,24,23-12-2023,WIN,AWAY
202312230sdg,Los Angeles Chargers,22,23-12-2023,LOSE,HOME
202312240atl,Atlanta Falcons,29,24-12-2023,WIN,HOME
202312240atl,Indianapolis Colts,10,24-12-2023,LOSE,AWAY
202312240car,Carolina Panthers,30,24-12-2023,LOSE,HOME
202312240car,Green Bay Packers,33,24-12-2023,WIN,AWAY
202312240chi,Chicago Bears,27,24-12-2023,WIN,HOME
202312240chi,Arizona Cardinals,16,24-12-2023,LOSE,AWAY
202312240den,New England Patriots,26,24-12-2023,WIN,AWAY
202312240den,Denver Broncos,23,24-12-2023,LOSE,HOME
202312240htx,Cleveland Browns,36,24-12-2023,WIN,AWAY
202312240htx,Houston Texans,22,24-12-2023,LOSE,HOME
202312240mia,Dallas Cowboys,20,24-12-2023,LOSE,AWAY
202312240mia,Miami Dolphins,22,24-12-2023,WIN,HOME
202312240min,Minnesota Vikings,24,24-12-2023,LOSE,HOME
202312240min,Detroit Lions,30,24-12-2023,WIN,AWAY
202312240nyj,Washington Commanders,28,24-12-2023,LOSE,AWAY
202312240nyj,New York Jets,30,24-12-2023,WIN,HOME
202312240oti,Tennessee Titans,17,24-12-2023,LOSE,HOME
202312240oti,Seattle Seahawks,20,24-12-2023,WIN,AWAY
202312240tam,Jacksonville Jaguars,12,24-12-2023,LOSE,AWAY
202312240tam,Tampa Bay Buccaneers,30,24-12-2023,WIN,HOME
202312250kan,Las Vegas Raiders,20,25-12-2023,WIN,AWAY
202312250kan,Kansas City Chiefs,14,25-12-2023,LOSE,HOME
202312250phi,New York Giants,25,25-12-2023,LOSE,AWAY
202312250phi,Philadelphia Eagles,33,25-12-2023,WIN,HOME
202312250sfo,Baltimore Ravens,33,25-12-2023,WIN,AWAY
202312250sfo,San Francisco 49ers,19,25-12-2023,LOSE,HOME
202312280cle,New York Jets,20,28-12-2023,LOSE,AWAY
202312280cle,Cleveland Browns,37,28-12-2023,WIN,HOME
202312300dal,Detroit Lions,19,30-12-2023,LOSE,AWAY
202312300dal,Dallas Cowboys,20,30-12-2023,WIN,HOME
202312310buf,New England Patriots,0,31-12-2023,DRAW,AWAY
202312310buf,Buffalo Bills,0,31-12-2023,DRAW,HOME
202312310chi,Chicago Bears,0,31-12-2023,DRAW,HOME
202312310chi,Atlanta Falcons,0,31-12-2023,DRAW,AWAY
202312310clt,Indianapolis Colts,0,31-12-2023,DRAW,HOME
202312310clt,Las Vegas Raiders,0,31-12-2023,DRAW,AWAY
202312310den,Denver Broncos,0,31-12-2023,DRAW,HOME
202312310den,Los Angeles Chargers,0,31-12-2023,DRAW,AWAY
202312310htx,Houston Texans,0,31-12-2023,DRAW,HOME
202312310htx,Tennessee Titans,0,31-12-2023,DRAW,AWAY
202312310jax,Jacksonville Jaguars,0,31-12-2023,DRAW,HOME
202312310jax,Carolina Panthers,0,31-12-2023,DRAW,AWAY
202312310kan,Cincinnati Bengals,0,31-12-2023,DRAW,AWAY
202312310kan,Kansas City Chiefs,0,31-12-2023,DRAW,HOME
202312310min,Minnesota Vikings,0,31-12-2023,DRAW,HOME
202312310min,Green Bay Packers,0,31-12-2023,DRAW,AWAY
202312310nyg,Los Angeles Rams,0,31-12-2023,DRAW,AWAY
202312310nyg,New York Giants,0,31-12-2023,DRAW,HOME
202312310phi,Arizona Cardinals,0,31-12-2023,DRAW,AWAY
202312310phi,Philadelphia Eagles,0,31-12-2023,DRAW,HOME
202312310rav,Baltimore Ravens,0,31-12-2023,DRAW,HOME
202312310rav,Miami Dolphins,0,31-12-2023,DRAW,AWAY
202312310sea,Pittsburgh Steelers,0,31-12-2023,DRAW,AWAY
202312310sea,Seattle Seahawks,0,31-12-2023,DRAW,HOME
202312310tam,New Orleans Saints,0,31-12-2023,DRAW,AWAY
202312310tam,Tampa Bay Buccaneers,0,31-12-2023,DRAW,HOME
202312310was,Washington Commanders,0,31-12-2023,DRAW,HOME
202312310was,San Francisco 49ers,0,31-12-2023,DRAW,AWAY
202401070car,Tampa Bay Buccaneers,0,07-01-2024,DRAW,AWAY
202401070car,Carolina Panthers,0,07-01-2024,DRAW,HOME
202401070cin,Cincinnati Bengals,0,07-01-2024,DRAW,HOME
202401070cin,Cleveland Browns,0,07-01-2024,DRAW,AWAY
202401070clt,Indianapolis Colts,0,07-01-2024,DRAW,HOME
202401070clt,Houston Texans,0,07-01-2024,DRAW,AWAY
202401070crd,Seattle Seahawks,0,07-01-2024,DRAW,AWAY
202401070crd,Arizona Cardinals,0,07-01-2024,DRAW,HOME
202401070det,Minnesota Vikings,0,07-01-2024,DRAW,AWAY
202401070det,Detroit Lions,0,07-01-2024,DRAW,HOME
202401070gnb,Green Bay Packers,0,07-01-2024,DRAW,HOME
202401070gnb,Chicago Bears,0,07-01-2024,DRAW,AWAY
202401070mia,Miami Dolphins,0,07-01-2024,DRAW,HOME
202401070mia,Buffalo Bills,0,07-01-2024,DRAW,AWAY
202401070nor,New Orleans Saints,0,07-01-2024,DRAW,HOME
202401070nor,Atlanta Falcons,0,07-01-2024,DRAW,AWAY
202401070nwe,New York Jets,0,07-01-2024,DRAW,AWAY
202401070nwe,New England Patriots,0,07-01-2024,DRAW,HOME
202401070nyg,Philadelphia Eagles,0,07-01-2024,DRAW,AWAY
202401070nyg,New York Giants,0,07-01-2024,DRAW,HOME
202401070oti,Tennessee Titans,0,07-01-2024,DRAW,HOME
202401070oti,Jacksonville Jaguars,0,07-01-2024,DRAW,AWAY
202401070rai,Denver Broncos,0,07-01-2024,DRAW,AWAY
202401070rai,Las Vegas Raiders,0,07-01-2024,DRAW,HOME
202401070rav,Baltimore Ravens,0,07-01-2024,DRAW,HOME
202401070rav,Pittsburgh Steelers,0,07-01-2024,DRAW,AWAY
202401070sdg,Kansas City Chiefs,0,07-01-2024,DRAW,AWAY
202401070sdg,Los Angeles Chargers,0,07-01-2024,DRAW,HOME
202401070sfo,Los Angeles Rams,0,07-01-2024,DRAW,AWAY
202401070sfo,San Francisco 49ers,0,07-01-2024,DRAW,HOME
202401070was,Dallas Cowboys,0,07-01-2024,DRAW,AWAY
202401070was,Washington Commanders,0,07-01-2024,DRAW,HOME
